date,Year,Month,heatindex,year
1989-06-01,1989 여름,6,20.6,1989
1989-06-02,1989 여름,6,21.24,1989
1989-06-03,1989 여름,6,22.61,1989
1989-06-04,1989 여름,6,22.03,1989
1989-06-05,1989 여름,6,20.37,1989
1989-06-06,1989 여름,6,21.1,1989
1989-06-07,1989 여름,6,24.88,1989
1989-06-08,1989 여름,6,18,1989
1989-06-09,1989 여름,6,16.1,1989
1989-06-10,1989 여름,6,18.86,1989
1989-06-11,1989 여름,6,20.18,1989
1989-06-12,1989 여름,6,21.83,1989
1989-06-13,1989 여름,6,24.93,1989
1989-06-14,1989 여름,6,19.89,1989
1989-06-15,1989 여름,6,18.55,1989
1989-06-16,1989 여름,6,20.6,1989
1989-06-17,1989 여름,6,20.14,1989
1989-06-18,1989 여름,6,18.23,1989
1989-06-19,1989 여름,6,17.56,1989
1989-06-20,1989 여름,6,19.93,1989
1989-06-21,1989 여름,6,20.77,1989
1989-06-22,1989 여름,6,21.45,1989
1989-06-23,1989 여름,6,25.41,1989
1989-06-24,1989 여름,6,23.82,1989
1989-06-25,1989 여름,6,23.68,1989
1989-06-26,1989 여름,6,23.95,1989
1989-06-27,1989 여름,6,22.43,1989
1989-06-28,1989 여름,6,22.44,1989
1989-06-29,1989 여름,6,25,1989
1989-06-30,1989 여름,6,24.41,1989
1989-07-01,1989 여름,7,23.23,1989
1989-07-02,1989 여름,7,21.48,1989
1989-07-03,1989 여름,7,21.55,1989
1989-07-04,1989 여름,7,22.7,1989
1989-07-05,1989 여름,7,24.11,1989
1989-07-06,1989 여름,7,25.72,1989
1989-07-07,1989 여름,7,25.57,1989
1989-07-08,1989 여름,7,22.28,1989
1989-07-09,1989 여름,7,22.99,1989
1989-07-10,1989 여름,7,23.3,1989
1989-07-11,1989 여름,7,21.54,1989
1989-07-12,1989 여름,7,23.83,1989
1989-07-13,1989 여름,7,24.88,1989
1989-07-14,1989 여름,7,25.51,1989
1989-07-15,1989 여름,7,23.84,1989
1989-07-16,1989 여름,7,23.23,1989
1989-07-17,1989 여름,7,26.12,1989
1989-07-18,1989 여름,7,30.69,1989
1989-07-19,1989 여름,7,31.51,1989
1989-07-20,1989 여름,7,25.73,1989
1989-07-21,1989 여름,7,25.01,1989
1989-07-22,1989 여름,7,29.73,1989
1989-07-23,1989 여름,7,30.38,1989
1989-07-24,1989 여름,7,30.49,1989
1989-07-25,1989 여름,7,25.17,1989
1989-07-26,1989 여름,7,25.6,1989
1989-07-27,1989 여름,7,21.47,1989
1989-07-28,1989 여름,7,22.1,1989
1989-07-29,1989 여름,7,23.32,1989
1989-07-30,1989 여름,7,26.55,1989
1989-07-31,1989 여름,7,32.43,1989
1989-08-01,1989 여름,8,27.97,1989
1989-08-02,1989 여름,8,25.49,1989
1989-08-03,1989 여름,8,26.27,1989
1989-08-04,1989 여름,8,30.2,1989
1989-08-05,1989 여름,8,31.61,1989
1989-08-06,1989 여름,8,30.78,1989
1989-08-07,1989 여름,8,28.67,1989
1989-08-08,1989 여름,8,29.31,1989
1989-08-09,1989 여름,8,28.68,1989
1989-08-10,1989 여름,8,25.44,1989
1989-08-11,1989 여름,8,24.22,1989
1989-08-12,1989 여름,8,25.01,1989
1989-08-13,1989 여름,8,26.47,1989
1989-08-14,1989 여름,8,31.27,1989
1989-08-15,1989 여름,8,26.56,1989
1989-08-16,1989 여름,8,25.11,1989
1989-08-17,1989 여름,8,25.11,1989
1989-08-18,1989 여름,8,26.45,1989
1989-08-19,1989 여름,8,25.97,1989
1989-08-20,1989 여름,8,23.97,1989
1989-08-21,1989 여름,8,22.31,1989
1989-08-22,1989 여름,8,24.08,1989
1989-08-23,1989 여름,8,25.95,1989
1989-08-24,1989 여름,8,25.65,1989
1989-08-25,1989 여름,8,24.4,1989
1989-08-26,1989 여름,8,24.98,1989
1989-08-27,1989 여름,8,24.71,1989
1989-08-28,1989 여름,8,24.07,1989
1989-08-29,1989 여름,8,21,1989
1989-08-30,1989 여름,8,21.9,1989
1989-08-31,1989 여름,8,23.88,1989
1990-06-01,1990 여름,6,15.09,1990
1990-06-02,1990 여름,6,17.89,1990
1990-06-03,1990 여름,6,20.7,1990
1990-06-04,1990 여름,6,22.04,1990
1990-06-05,1990 여름,6,21.05,1990
1990-06-06,1990 여름,6,23.01,1990
1990-06-07,1990 여름,6,23.94,1990
1990-06-08,1990 여름,6,19.04,1990
1990-06-09,1990 여름,6,17.06,1990
1990-06-10,1990 여름,6,19.63,1990
1990-06-11,1990 여름,6,19.59,1990
1990-06-12,1990 여름,6,20.93,1990
1990-06-13,1990 여름,6,23.31,1990
1990-06-14,1990 여름,6,22.68,1990
1990-06-15,1990 여름,6,21.07,1990
1990-06-16,1990 여름,6,21.25,1990
1990-06-17,1990 여름,6,23.32,1990
1990-06-18,1990 여름,6,20.58,1990
1990-06-19,1990 여름,6,21.32,1990
1990-06-20,1990 여름,6,20.73,1990
1990-06-21,1990 여름,6,19.47,1990
1990-06-22,1990 여름,6,20.54,1990
1990-06-23,1990 여름,6,22.61,1990
1990-06-24,1990 여름,6,22.53,1990
1990-06-25,1990 여름,6,21.58,1990
1990-06-26,1990 여름,6,20.31,1990
1990-06-27,1990 여름,6,20.39,1990
1990-06-28,1990 여름,6,21.28,1990
1990-06-29,1990 여름,6,20.7,1990
1990-06-30,1990 여름,6,22.05,1990
1990-07-01,1990 여름,7,21.6,1990
1990-07-02,1990 여름,7,19.7,1990
1990-07-03,1990 여름,7,19.61,1990
1990-07-04,1990 여름,7,21.45,1990
1990-07-05,1990 여름,7,24.28,1990
1990-07-06,1990 여름,7,24.9,1990
1990-07-07,1990 여름,7,26.62,1990
1990-07-08,1990 여름,7,30.32,1990
1990-07-09,1990 여름,7,30.25,1990
1990-07-10,1990 여름,7,30.93,1990
1990-07-11,1990 여름,7,24.96,1990
1990-07-12,1990 여름,7,25.89,1990
1990-07-13,1990 여름,7,23.5,1990
1990-07-14,1990 여름,7,22.54,1990
1990-07-15,1990 여름,7,23.37,1990
1990-07-16,1990 여름,7,24.65,1990
1990-07-17,1990 여름,7,23.31,1990
1990-07-18,1990 여름,7,23.9,1990
1990-07-19,1990 여름,7,25.46,1990
1990-07-20,1990 여름,7,25.17,1990
1990-07-21,1990 여름,7,24.85,1990
1990-07-22,1990 여름,7,25.77,1990
1990-07-23,1990 여름,7,25.24,1990
1990-07-24,1990 여름,7,24.9,1990
1990-07-25,1990 여름,7,25.27,1990
1990-07-26,1990 여름,7,25.7,1990
1990-07-27,1990 여름,7,30.07,1990
1990-07-28,1990 여름,7,33.04,1990
1990-07-29,1990 여름,7,34.58,1990
1990-07-30,1990 여름,7,34.69,1990
1990-07-31,1990 여름,7,32.42,1990
1990-08-01,1990 여름,8,32.51,1990
1990-08-02,1990 여름,8,34.01,1990
1990-08-03,1990 여름,8,33.12,1990
1990-08-04,1990 여름,8,31.49,1990
1990-08-05,1990 여름,8,32.83,1990
1990-08-06,1990 여름,8,33.32,1990
1990-08-07,1990 여름,8,34.95,1990
1990-08-08,1990 여름,8,32.05,1990
1990-08-09,1990 여름,8,29.59,1990
1990-08-10,1990 여름,8,26.16,1990
1990-08-11,1990 여름,8,26.25,1990
1990-08-12,1990 여름,8,29.81,1990
1990-08-13,1990 여름,8,30.76,1990
1990-08-14,1990 여름,8,25.49,1990
1990-08-15,1990 여름,8,26.64,1990
1990-08-16,1990 여름,8,24.21,1990
1990-08-17,1990 여름,8,24.91,1990
1990-08-18,1990 여름,8,25.87,1990
1990-08-19,1990 여름,8,24.87,1990
1990-08-20,1990 여름,8,24.41,1990
1990-08-21,1990 여름,8,23.65,1990
1990-08-22,1990 여름,8,26.51,1990
1990-08-23,1990 여름,8,24.92,1990
1990-08-24,1990 여름,8,25.63,1990
1990-08-25,1990 여름,8,25.49,1990
1990-08-26,1990 여름,8,25.85,1990
1990-08-27,1990 여름,8,28.92,1990
1990-08-28,1990 여름,8,28.79,1990
1990-08-29,1990 여름,8,26.54,1990
1990-08-30,1990 여름,8,26.42,1990
1990-08-31,1990 여름,8,22.36,1990
1991-06-01,1991 여름,6,19.8,1991
1991-06-02,1991 여름,6,21.53,1991
1991-06-03,1991 여름,6,20.53,1991
1991-06-04,1991 여름,6,20.28,1991
1991-06-05,1991 여름,6,21.07,1991
1991-06-06,1991 여름,6,22.8,1991
1991-06-07,1991 여름,6,24.19,1991
1991-06-08,1991 여름,6,24.39,1991
1991-06-09,1991 여름,6,21.95,1991
1991-06-10,1991 여름,6,22.33,1991
1991-06-11,1991 여름,6,22.29,1991
1991-06-12,1991 여름,6,21.15,1991
1991-06-13,1991 여름,6,21.42,1991
1991-06-14,1991 여름,6,23.7,1991
1991-06-15,1991 여름,6,25.31,1991
1991-06-16,1991 여름,6,24.61,1991
1991-06-17,1991 여름,6,22.18,1991
1991-06-18,1991 여름,6,22.79,1991
1991-06-19,1991 여름,6,22.52,1991
1991-06-20,1991 여름,6,21.08,1991
1991-06-21,1991 여름,6,22.02,1991
1991-06-22,1991 여름,6,23.18,1991
1991-06-23,1991 여름,6,24.18,1991
1991-06-24,1991 여름,6,23.3,1991
1991-06-25,1991 여름,6,24.67,1991
1991-06-26,1991 여름,6,23.3,1991
1991-06-27,1991 여름,6,23.95,1991
1991-06-28,1991 여름,6,26.01,1991
1991-06-29,1991 여름,6,23.29,1991
1991-06-30,1991 여름,6,24.03,1991
1991-07-01,1991 여름,7,22.78,1991
1991-07-02,1991 여름,7,24.14,1991
1991-07-03,1991 여름,7,25.51,1991
1991-07-04,1991 여름,7,28.3,1991
1991-07-05,1991 여름,7,25.85,1991
1991-07-06,1991 여름,7,25.32,1991
1991-07-07,1991 여름,7,21.55,1991
1991-07-08,1991 여름,7,22.08,1991
1991-07-09,1991 여름,7,22.04,1991
1991-07-10,1991 여름,7,23.63,1991
1991-07-11,1991 여름,7,22.73,1991
1991-07-12,1991 여름,7,24.2,1991
1991-07-13,1991 여름,7,24.57,1991
1991-07-14,1991 여름,7,25.12,1991
1991-07-15,1991 여름,7,23,1991
1991-07-16,1991 여름,7,23.76,1991
1991-07-17,1991 여름,7,24.8,1991
1991-07-18,1991 여름,7,25.64,1991
1991-07-19,1991 여름,7,24.87,1991
1991-07-20,1991 여름,7,24.52,1991
1991-07-21,1991 여름,7,24.35,1991
1991-07-22,1991 여름,7,26,1991
1991-07-23,1991 여름,7,24.96,1991
1991-07-24,1991 여름,7,24.68,1991
1991-07-25,1991 여름,7,22.06,1991
1991-07-26,1991 여름,7,23.82,1991
1991-07-27,1991 여름,7,25.45,1991
1991-07-28,1991 여름,7,30.25,1991
1991-07-29,1991 여름,7,29.61,1991
1991-07-30,1991 여름,7,25.14,1991
1991-07-31,1991 여름,7,25.51,1991
1991-08-01,1991 여름,8,29.61,1991
1991-08-02,1991 여름,8,22.45,1991
1991-08-03,1991 여름,8,24.46,1991
1991-08-04,1991 여름,8,23.62,1991
1991-08-05,1991 여름,8,24.19,1991
1991-08-06,1991 여름,8,23.35,1991
1991-08-07,1991 여름,8,23.77,1991
1991-08-08,1991 여름,8,25.65,1991
1991-08-09,1991 여름,8,23.2,1991
1991-08-10,1991 여름,8,25.13,1991
1991-08-11,1991 여름,8,25.8,1991
1991-08-12,1991 여름,8,26.23,1991
1991-08-13,1991 여름,8,30.2,1991
1991-08-14,1991 여름,8,32.66,1991
1991-08-15,1991 여름,8,33.08,1991
1991-08-16,1991 여름,8,30.75,1991
1991-08-17,1991 여름,8,30.56,1991
1991-08-18,1991 여름,8,30.6,1991
1991-08-19,1991 여름,8,30.28,1991
1991-08-20,1991 여름,8,32.83,1991
1991-08-21,1991 여름,8,29.36,1991
1991-08-22,1991 여름,8,26.31,1991
1991-08-23,1991 여름,8,22.09,1991
1991-08-24,1991 여름,8,25.33,1991
1991-08-25,1991 여름,8,26.39,1991
1991-08-26,1991 여름,8,25.61,1991
1991-08-27,1991 여름,8,22.68,1991
1991-08-28,1991 여름,8,22.94,1991
1991-08-29,1991 여름,8,25.13,1991
1991-08-30,1991 여름,8,24.63,1991
1991-08-31,1991 여름,8,24.41,1991
1992-06-01,1992 여름,6,22.4,1992
1992-06-02,1992 여름,6,22.95,1992
1992-06-03,1992 여름,6,21.43,1992
1992-06-04,1992 여름,6,18.9,1992
1992-06-05,1992 여름,6,21.29,1992
1992-06-06,1992 여름,6,21.01,1992
1992-06-07,1992 여름,6,16.09,1992
1992-06-08,1992 여름,6,18.11,1992
1992-06-09,1992 여름,6,19.64,1992
1992-06-10,1992 여름,6,17.34,1992
1992-06-11,1992 여름,6,17.57,1992
1992-06-12,1992 여름,6,19.03,1992
1992-06-13,1992 여름,6,19.59,1992
1992-06-14,1992 여름,6,21.24,1992
1992-06-15,1992 여름,6,23.12,1992
1992-06-16,1992 여름,6,23.5,1992
1992-06-17,1992 여름,6,21.43,1992
1992-06-18,1992 여름,6,20.8,1992
1992-06-19,1992 여름,6,20.22,1992
1992-06-20,1992 여름,6,21.21,1992
1992-06-21,1992 여름,6,20.81,1992
1992-06-22,1992 여름,6,22.13,1992
1992-06-23,1992 여름,6,21.8,1992
1992-06-24,1992 여름,6,21.18,1992
1992-06-25,1992 여름,6,22.09,1992
1992-06-26,1992 여름,6,22.76,1992
1992-06-27,1992 여름,6,24,1992
1992-06-28,1992 여름,6,23.61,1992
1992-06-29,1992 여름,6,23.66,1992
1992-06-30,1992 여름,6,22.54,1992
1992-07-01,1992 여름,7,23.43,1992
1992-07-02,1992 여름,7,22.26,1992
1992-07-03,1992 여름,7,21.42,1992
1992-07-04,1992 여름,7,23.83,1992
1992-07-05,1992 여름,7,25.58,1992
1992-07-06,1992 여름,7,27.83,1992
1992-07-07,1992 여름,7,26.08,1992
1992-07-08,1992 여름,7,26.18,1992
1992-07-09,1992 여름,7,25.74,1992
1992-07-10,1992 여름,7,22.38,1992
1992-07-11,1992 여름,7,21.32,1992
1992-07-12,1992 여름,7,23.16,1992
1992-07-13,1992 여름,7,24.34,1992
1992-07-14,1992 여름,7,23.64,1992
1992-07-15,1992 여름,7,23.85,1992
1992-07-16,1992 여름,7,24.54,1992
1992-07-17,1992 여름,7,21.64,1992
1992-07-18,1992 여름,7,24.45,1992
1992-07-19,1992 여름,7,29.07,1992
1992-07-20,1992 여름,7,26.6,1992
1992-07-21,1992 여름,7,29.13,1992
1992-07-22,1992 여름,7,24.94,1992
1992-07-23,1992 여름,7,26.46,1992
1992-07-24,1992 여름,7,29.18,1992
1992-07-25,1992 여름,7,26.24,1992
1992-07-26,1992 여름,7,28.99,1992
1992-07-27,1992 여름,7,25.33,1992
1992-07-28,1992 여름,7,30.89,1992
1992-07-29,1992 여름,7,31.02,1992
1992-07-30,1992 여름,7,25.59,1992
1992-07-31,1992 여름,7,25.57,1992
1992-08-01,1992 여름,8,30.06,1992
1992-08-02,1992 여름,8,26.16,1992
1992-08-03,1992 여름,8,26.25,1992
1992-08-04,1992 여름,8,24.73,1992
1992-08-05,1992 여름,8,25,1992
1992-08-06,1992 여름,8,24.35,1992
1992-08-07,1992 여름,8,21.36,1992
1992-08-08,1992 여름,8,25.01,1992
1992-08-09,1992 여름,8,25.48,1992
1992-08-10,1992 여름,8,25.39,1992
1992-08-11,1992 여름,8,25.64,1992
1992-08-12,1992 여름,8,23.7,1992
1992-08-13,1992 여름,8,25.33,1992
1992-08-14,1992 여름,8,21.39,1992
1992-08-15,1992 여름,8,21.01,1992
1992-08-16,1992 여름,8,24.05,1992
1992-08-17,1992 여름,8,22.05,1992
1992-08-18,1992 여름,8,24.69,1992
1992-08-19,1992 여름,8,25.56,1992
1992-08-20,1992 여름,8,25.76,1992
1992-08-21,1992 여름,8,26.03,1992
1992-08-22,1992 여름,8,25.92,1992
1992-08-23,1992 여름,8,24.8,1992
1992-08-24,1992 여름,8,24.76,1992
1992-08-25,1992 여름,8,24.75,1992
1992-08-26,1992 여름,8,26.11,1992
1992-08-27,1992 여름,8,22.13,1992
1992-08-28,1992 여름,8,23.45,1992
1992-08-29,1992 여름,8,29.94,1992
1992-08-30,1992 여름,8,30.95,1992
1992-08-31,1992 여름,8,30.08,1992
1993-06-01,1993 여름,6,24.91,1993
1993-06-02,1993 여름,6,16.24,1993
1993-06-03,1993 여름,6,16.12,1993
1993-06-04,1993 여름,6,19.1,1993
1993-06-05,1993 여름,6,20.52,1993
1993-06-06,1993 여름,6,20.79,1993
1993-06-07,1993 여름,6,22.83,1993
1993-06-08,1993 여름,6,23.2,1993
1993-06-09,1993 여름,6,20.73,1993
1993-06-10,1993 여름,6,19.97,1993
1993-06-11,1993 여름,6,22.1,1993
1993-06-12,1993 여름,6,21.96,1993
1993-06-13,1993 여름,6,21.46,1993
1993-06-14,1993 여름,6,21.36,1993
1993-06-15,1993 여름,6,22.82,1993
1993-06-16,1993 여름,6,24.61,1993
1993-06-17,1993 여름,6,22.89,1993
1993-06-18,1993 여름,6,22.55,1993
1993-06-19,1993 여름,6,21.92,1993
1993-06-20,1993 여름,6,20.62,1993
1993-06-21,1993 여름,6,22.56,1993
1993-06-22,1993 여름,6,23.03,1993
1993-06-23,1993 여름,6,23.44,1993
1993-06-24,1993 여름,6,22.74,1993
1993-06-25,1993 여름,6,23.29,1993
1993-06-26,1993 여름,6,24.44,1993
1993-06-27,1993 여름,6,23.34,1993
1993-06-28,1993 여름,6,20.47,1993
1993-06-29,1993 여름,6,19.16,1993
1993-06-30,1993 여름,6,17.96,1993
1993-07-01,1993 여름,7,22.39,1993
1993-07-02,1993 여름,7,24.56,1993
1993-07-03,1993 여름,7,23.54,1993
1993-07-04,1993 여름,7,25.6,1993
1993-07-05,1993 여름,7,28.01,1993
1993-07-06,1993 여름,7,25.01,1993
1993-07-07,1993 여름,7,25.45,1993
1993-07-08,1993 여름,7,22.14,1993
1993-07-09,1993 여름,7,23.94,1993
1993-07-10,1993 여름,7,25.32,1993
1993-07-11,1993 여름,7,23.08,1993
1993-07-12,1993 여름,7,22.83,1993
1993-07-13,1993 여름,7,22.79,1993
1993-07-14,1993 여름,7,25.21,1993
1993-07-15,1993 여름,7,24.5,1993
1993-07-16,1993 여름,7,23.85,1993
1993-07-17,1993 여름,7,18.96,1993
1993-07-18,1993 여름,7,22.24,1993
1993-07-19,1993 여름,7,22.68,1993
1993-07-20,1993 여름,7,22.35,1993
1993-07-21,1993 여름,7,22.48,1993
1993-07-22,1993 여름,7,22.59,1993
1993-07-23,1993 여름,7,23.46,1993
1993-07-24,1993 여름,7,21.88,1993
1993-07-25,1993 여름,7,21.48,1993
1993-07-26,1993 여름,7,21.93,1993
1993-07-27,1993 여름,7,23.75,1993
1993-07-28,1993 여름,7,26.04,1993
1993-07-29,1993 여름,7,21.9,1993
1993-07-30,1993 여름,7,23.76,1993
1993-07-31,1993 여름,7,25.11,1993
1993-08-01,1993 여름,8,25.1,1993
1993-08-02,1993 여름,8,22.63,1993
1993-08-03,1993 여름,8,22.65,1993
1993-08-04,1993 여름,8,23.51,1993
1993-08-05,1993 여름,8,23.35,1993
1993-08-06,1993 여름,8,22.74,1993
1993-08-07,1993 여름,8,22.81,1993
1993-08-08,1993 여름,8,22.94,1993
1993-08-09,1993 여름,8,25.52,1993
1993-08-10,1993 여름,8,23.45,1993
1993-08-11,1993 여름,8,24.98,1993
1993-08-12,1993 여름,8,24.87,1993
1993-08-13,1993 여름,8,22.52,1993
1993-08-14,1993 여름,8,24.43,1993
1993-08-15,1993 여름,8,22.67,1993
1993-08-16,1993 여름,8,20.93,1993
1993-08-17,1993 여름,8,22.94,1993
1993-08-18,1993 여름,8,23.1,1993
1993-08-19,1993 여름,8,23.7,1993
1993-08-20,1993 여름,8,23.05,1993
1993-08-21,1993 여름,8,19.76,1993
1993-08-22,1993 여름,8,22.9,1993
1993-08-23,1993 여름,8,24.15,1993
1993-08-24,1993 여름,8,23.67,1993
1993-08-25,1993 여름,8,24.68,1993
1993-08-26,1993 여름,8,24.1,1993
1993-08-27,1993 여름,8,24.12,1993
1993-08-28,1993 여름,8,23.07,1993
1993-08-29,1993 여름,8,22.08,1993
1993-08-30,1993 여름,8,22.9,1993
1993-08-31,1993 여름,8,23.45,1993
1994-06-01,1994 여름,6,20.79,1994
1994-06-02,1994 여름,6,21.3,1994
1994-06-03,1994 여름,6,21.26,1994
1994-06-04,1994 여름,6,21.67,1994
1994-06-05,1994 여름,6,22.78,1994
1994-06-06,1994 여름,6,23.06,1994
1994-06-07,1994 여름,6,23,1994
1994-06-08,1994 여름,6,21.4,1994
1994-06-09,1994 여름,6,21.73,1994
1994-06-10,1994 여름,6,21.29,1994
1994-06-11,1994 여름,6,22.89,1994
1994-06-12,1994 여름,6,23.17,1994
1994-06-13,1994 여름,6,25.37,1994
1994-06-14,1994 여름,6,25.7,1994
1994-06-15,1994 여름,6,25.56,1994
1994-06-16,1994 여름,6,26.66,1994
1994-06-17,1994 여름,6,29.03,1994
1994-06-18,1994 여름,6,23.11,1994
1994-06-19,1994 여름,6,20.23,1994
1994-06-20,1994 여름,6,20.54,1994
1994-06-21,1994 여름,6,21.6,1994
1994-06-22,1994 여름,6,22.15,1994
1994-06-23,1994 여름,6,19.65,1994
1994-06-24,1994 여름,6,22.48,1994
1994-06-25,1994 여름,6,22.69,1994
1994-06-26,1994 여름,6,23.37,1994
1994-06-27,1994 여름,6,24.91,1994
1994-06-28,1994 여름,6,24.88,1994
1994-06-29,1994 여름,6,23.9,1994
1994-06-30,1994 여름,6,22.81,1994
1994-07-01,1994 여름,7,22.21,1994
1994-07-02,1994 여름,7,25.43,1994
1994-07-03,1994 여름,7,25.76,1994
1994-07-04,1994 여름,7,26.09,1994
1994-07-05,1994 여름,7,23.92,1994
1994-07-06,1994 여름,7,25.16,1994
1994-07-07,1994 여름,7,24.73,1994
1994-07-08,1994 여름,7,30.37,1994
1994-07-09,1994 여름,7,33.2,1994
1994-07-10,1994 여름,7,25.82,1994
1994-07-11,1994 여름,7,30.98,1994
1994-07-12,1994 여름,7,33.9,1994
1994-07-13,1994 여름,7,36.41,1994
1994-07-14,1994 여름,7,32.35,1994
1994-07-15,1994 여름,7,33.51,1994
1994-07-16,1994 여름,7,34.9,1994
1994-07-17,1994 여름,7,34.15,1994
1994-07-18,1994 여름,7,36.95,1994
1994-07-19,1994 여름,7,35.65,1994
1994-07-20,1994 여름,7,35.04,1994
1994-07-21,1994 여름,7,38.34,1994
1994-07-22,1994 여름,7,43.42,1994
1994-07-23,1994 여름,7,42.11,1994
1994-07-24,1994 여름,7,39.03,1994
1994-07-25,1994 여름,7,36.2,1994
1994-07-26,1994 여름,7,36.64,1994
1994-07-27,1994 여름,7,36.04,1994
1994-07-28,1994 여름,7,36.97,1994
1994-07-29,1994 여름,7,38.59,1994
1994-07-30,1994 여름,7,36.5,1994
1994-07-31,1994 여름,7,35.96,1994
1994-08-01,1994 여름,8,26.46,1994
1994-08-02,1994 여름,8,34.76,1994
1994-08-03,1994 여름,8,35.21,1994
1994-08-04,1994 여름,8,35.36,1994
1994-08-05,1994 여름,8,37.52,1994
1994-08-06,1994 여름,8,37.71,1994
1994-08-07,1994 여름,8,35.48,1994
1994-08-08,1994 여름,8,35.67,1994
1994-08-09,1994 여름,8,35.72,1994
1994-08-10,1994 여름,8,26.46,1994
1994-08-11,1994 여름,8,32.77,1994
1994-08-12,1994 여름,8,37.29,1994
1994-08-13,1994 여름,8,37.4,1994
1994-08-14,1994 여름,8,36.06,1994
1994-08-15,1994 여름,8,36.35,1994
1994-08-16,1994 여름,8,34.5,1994
1994-08-17,1994 여름,8,26.6,1994
1994-08-18,1994 여름,8,26.4,1994
1994-08-19,1994 여름,8,29.21,1994
1994-08-20,1994 여름,8,27.33,1994
1994-08-21,1994 여름,8,26.01,1994
1994-08-22,1994 여름,8,25.25,1994
1994-08-23,1994 여름,8,26.1,1994
1994-08-24,1994 여름,8,26.62,1994
1994-08-25,1994 여름,8,24.17,1994
1994-08-26,1994 여름,8,29.2,1994
1994-08-27,1994 여름,8,26.4,1994
1994-08-28,1994 여름,8,22.41,1994
1994-08-29,1994 여름,8,24.48,1994
1994-08-30,1994 여름,8,25.19,1994
1994-08-31,1994 여름,8,26.32,1994
1995-06-01,1995 여름,6,20.74,1995
1995-06-02,1995 여름,6,17.51,1995
1995-06-03,1995 여름,6,16.71,1995
1995-06-04,1995 여름,6,17.6,1995
1995-06-05,1995 여름,6,18.53,1995
1995-06-06,1995 여름,6,21.05,1995
1995-06-07,1995 여름,6,22.43,1995
1995-06-08,1995 여름,6,23.8,1995
1995-06-09,1995 여름,6,23.4,1995
1995-06-10,1995 여름,6,23.55,1995
1995-06-11,1995 여름,6,23.2,1995
1995-06-12,1995 여름,6,21.95,1995
1995-06-13,1995 여름,6,23.41,1995
1995-06-14,1995 여름,6,22.23,1995
1995-06-15,1995 여름,6,22.32,1995
1995-06-16,1995 여름,6,22.87,1995
1995-06-17,1995 여름,6,24.07,1995
1995-06-18,1995 여름,6,18.7,1995
1995-06-19,1995 여름,6,20.07,1995
1995-06-20,1995 여름,6,23.14,1995
1995-06-21,1995 여름,6,24.94,1995
1995-06-22,1995 여름,6,21.85,1995
1995-06-23,1995 여름,6,22.25,1995
1995-06-24,1995 여름,6,23.35,1995
1995-06-25,1995 여름,6,23.32,1995
1995-06-26,1995 여름,6,21.82,1995
1995-06-27,1995 여름,6,22.14,1995
1995-06-28,1995 여름,6,23.06,1995
1995-06-29,1995 여름,6,24.16,1995
1995-06-30,1995 여름,6,22.48,1995
1995-07-01,1995 여름,7,22.62,1995
1995-07-02,1995 여름,7,21.9,1995
1995-07-03,1995 여름,7,22.95,1995
1995-07-04,1995 여름,7,22.7,1995
1995-07-05,1995 여름,7,22.9,1995
1995-07-06,1995 여름,7,23.1,1995
1995-07-07,1995 여름,7,25.42,1995
1995-07-08,1995 여름,7,22.65,1995
1995-07-09,1995 여름,7,23.38,1995
1995-07-10,1995 여름,7,23.02,1995
1995-07-11,1995 여름,7,24.38,1995
1995-07-12,1995 여름,7,25.73,1995
1995-07-13,1995 여름,7,24.06,1995
1995-07-14,1995 여름,7,24.54,1995
1995-07-15,1995 여름,7,25.46,1995
1995-07-16,1995 여름,7,24.39,1995
1995-07-17,1995 여름,7,24.1,1995
1995-07-18,1995 여름,7,23.53,1995
1995-07-19,1995 여름,7,19.8,1995
1995-07-20,1995 여름,7,20.1,1995
1995-07-21,1995 여름,7,23.26,1995
1995-07-22,1995 여름,7,25.95,1995
1995-07-23,1995 여름,7,33.03,1995
1995-07-24,1995 여름,7,26.29,1995
1995-07-25,1995 여름,7,26.28,1995
1995-07-26,1995 여름,7,30.92,1995
1995-07-27,1995 여름,7,30.39,1995
1995-07-28,1995 여름,7,30.22,1995
1995-07-29,1995 여름,7,26.59,1995
1995-07-30,1995 여름,7,30.39,1995
1995-07-31,1995 여름,7,31.45,1995
1995-08-01,1995 여름,8,32.15,1995
1995-08-02,1995 여름,8,30.56,1995
1995-08-03,1995 여름,8,30.66,1995
1995-08-04,1995 여름,8,31.72,1995
1995-08-05,1995 여름,8,30.41,1995
1995-08-06,1995 여름,8,32.17,1995
1995-08-07,1995 여름,8,30.97,1995
1995-08-08,1995 여름,8,24.9,1995
1995-08-09,1995 여름,8,25.72,1995
1995-08-10,1995 여름,8,29.4,1995
1995-08-11,1995 여름,8,29.51,1995
1995-08-12,1995 여름,8,30.16,1995
1995-08-13,1995 여름,8,33.15,1995
1995-08-14,1995 여름,8,37,1995
1995-08-15,1995 여름,8,34.86,1995
1995-08-16,1995 여름,8,32.17,1995
1995-08-17,1995 여름,8,32.88,1995
1995-08-18,1995 여름,8,33.22,1995
1995-08-19,1995 여름,8,23.78,1995
1995-08-20,1995 여름,8,24.88,1995
1995-08-21,1995 여름,8,26.07,1995
1995-08-22,1995 여름,8,25.79,1995
1995-08-23,1995 여름,8,23.94,1995
1995-08-24,1995 여름,8,24.03,1995
1995-08-25,1995 여름,8,22.59,1995
1995-08-26,1995 여름,8,21.83,1995
1995-08-27,1995 여름,8,23.97,1995
1995-08-28,1995 여름,8,24.9,1995
1995-08-29,1995 여름,8,24.36,1995
1995-08-30,1995 여름,8,22.98,1995
1995-08-31,1995 여름,8,25.28,1995
1996-06-01,1996 여름,6,25.56,1996
1996-06-02,1996 여름,6,23.66,1996
1996-06-03,1996 여름,6,21.01,1996
1996-06-04,1996 여름,6,22.08,1996
1996-06-05,1996 여름,6,23.15,1996
1996-06-06,1996 여름,6,23.28,1996
1996-06-07,1996 여름,6,22.66,1996
1996-06-08,1996 여름,6,25.06,1996
1996-06-09,1996 여름,6,24.51,1996
1996-06-10,1996 여름,6,20.26,1996
1996-06-11,1996 여름,6,21.44,1996
1996-06-12,1996 여름,6,23.56,1996
1996-06-13,1996 여름,6,24.49,1996
1996-06-14,1996 여름,6,22.55,1996
1996-06-15,1996 여름,6,24.12,1996
1996-06-16,1996 여름,6,24.15,1996
1996-06-17,1996 여름,6,21.13,1996
1996-06-18,1996 여름,6,19.84,1996
1996-06-19,1996 여름,6,22.33,1996
1996-06-20,1996 여름,6,20.93,1996
1996-06-21,1996 여름,6,22.36,1996
1996-06-22,1996 여름,6,23.2,1996
1996-06-23,1996 여름,6,23.38,1996
1996-06-24,1996 여름,6,20.89,1996
1996-06-25,1996 여름,6,21.9,1996
1996-06-26,1996 여름,6,23.1,1996
1996-06-27,1996 여름,6,20.25,1996
1996-06-28,1996 여름,6,20.55,1996
1996-06-29,1996 여름,6,21.37,1996
1996-06-30,1996 여름,6,20.58,1996
1996-07-01,1996 여름,7,22.41,1996
1996-07-02,1996 여름,7,22.16,1996
1996-07-03,1996 여름,7,24.2,1996
1996-07-04,1996 여름,7,22.37,1996
1996-07-05,1996 여름,7,23.96,1996
1996-07-06,1996 여름,7,22.17,1996
1996-07-07,1996 여름,7,23.23,1996
1996-07-08,1996 여름,7,22.73,1996
1996-07-09,1996 여름,7,23.08,1996
1996-07-10,1996 여름,7,23.6,1996
1996-07-11,1996 여름,7,24.4,1996
1996-07-12,1996 여름,7,24.75,1996
1996-07-13,1996 여름,7,23.56,1996
1996-07-14,1996 여름,7,23.23,1996
1996-07-15,1996 여름,7,22.56,1996
1996-07-16,1996 여름,7,21.51,1996
1996-07-17,1996 여름,7,22.91,1996
1996-07-18,1996 여름,7,30.36,1996
1996-07-19,1996 여름,7,29.51,1996
1996-07-20,1996 여름,7,24.59,1996
1996-07-21,1996 여름,7,25.09,1996
1996-07-22,1996 여름,7,23.81,1996
1996-07-23,1996 여름,7,26.11,1996
1996-07-24,1996 여름,7,26.66,1996
1996-07-25,1996 여름,7,30.21,1996
1996-07-26,1996 여름,7,23.63,1996
1996-07-27,1996 여름,7,23.71,1996
1996-07-28,1996 여름,7,25.03,1996
1996-07-29,1996 여름,7,31.4,1996
1996-07-30,1996 여름,7,30.7,1996
1996-07-31,1996 여름,7,31.88,1996
1996-08-01,1996 여름,8,33.51,1996
1996-08-02,1996 여름,8,34.82,1996
1996-08-03,1996 여름,8,34.46,1996
1996-08-04,1996 여름,8,31.28,1996
1996-08-05,1996 여름,8,31.17,1996
1996-08-06,1996 여름,8,32.34,1996
1996-08-07,1996 여름,8,31.21,1996
1996-08-08,1996 여름,8,30.07,1996
1996-08-09,1996 여름,8,32.09,1996
1996-08-10,1996 여름,8,30.36,1996
1996-08-11,1996 여름,8,32.61,1996
1996-08-12,1996 여름,8,31.96,1996
1996-08-13,1996 여름,8,31.26,1996
1996-08-14,1996 여름,8,33.26,1996
1996-08-15,1996 여름,8,26.44,1996
1996-08-16,1996 여름,8,26.16,1996
1996-08-17,1996 여름,8,29.02,1996
1996-08-18,1996 여름,8,29.78,1996
1996-08-19,1996 여름,8,30.09,1996
1996-08-20,1996 여름,8,30.56,1996
1996-08-21,1996 여름,8,31.75,1996
1996-08-22,1996 여름,8,28.7,1996
1996-08-23,1996 여름,8,23.3,1996
1996-08-24,1996 여름,8,23.77,1996
1996-08-25,1996 여름,8,20.38,1996
1996-08-26,1996 여름,8,19.05,1996
1996-08-27,1996 여름,8,19.37,1996
1996-08-28,1996 여름,8,20.28,1996
1996-08-29,1996 여름,8,22.63,1996
1996-08-30,1996 여름,8,21.5,1996
1996-08-31,1996 여름,8,23.31,1996
1997-06-01,1997 여름,6,19.71,1997
1997-06-02,1997 여름,6,16.81,1997
1997-06-03,1997 여름,6,18.57,1997
1997-06-04,1997 여름,6,20.49,1997
1997-06-05,1997 여름,6,17.68,1997
1997-06-06,1997 여름,6,21.15,1997
1997-06-07,1997 여름,6,23.35,1997
1997-06-08,1997 여름,6,22.73,1997
1997-06-09,1997 여름,6,22.92,1997
1997-06-10,1997 여름,6,22.4,1997
1997-06-11,1997 여름,6,22.75,1997
1997-06-12,1997 여름,6,22.84,1997
1997-06-13,1997 여름,6,24.77,1997
1997-06-14,1997 여름,6,26.12,1997
1997-06-15,1997 여름,6,28.08,1997
1997-06-16,1997 여름,6,27.71,1997
1997-06-17,1997 여름,6,27.52,1997
1997-06-18,1997 여름,6,29.87,1997
1997-06-19,1997 여름,6,27.89,1997
1997-06-20,1997 여름,6,23.94,1997
1997-06-21,1997 여름,6,24.31,1997
1997-06-22,1997 여름,6,23.87,1997
1997-06-23,1997 여름,6,25.23,1997
1997-06-24,1997 여름,6,25.7,1997
1997-06-25,1997 여름,6,21.81,1997
1997-06-26,1997 여름,6,22.83,1997
1997-06-27,1997 여름,6,22.05,1997
1997-06-28,1997 여름,6,25.94,1997
1997-06-29,1997 여름,6,26.38,1997
1997-06-30,1997 여름,6,25.99,1997
1997-07-01,1997 여름,7,22.02,1997
1997-07-02,1997 여름,7,24.7,1997
1997-07-03,1997 여름,7,24.82,1997
1997-07-04,1997 여름,7,23.6,1997
1997-07-05,1997 여름,7,21.26,1997
1997-07-06,1997 여름,7,19.87,1997
1997-07-07,1997 여름,7,22.79,1997
1997-07-08,1997 여름,7,24.08,1997
1997-07-09,1997 여름,7,24.7,1997
1997-07-10,1997 여름,7,28.9,1997
1997-07-11,1997 여름,7,28.97,1997
1997-07-12,1997 여름,7,23.06,1997
1997-07-13,1997 여름,7,25.21,1997
1997-07-14,1997 여름,7,25.78,1997
1997-07-15,1997 여름,7,23.11,1997
1997-07-16,1997 여름,7,25.32,1997
1997-07-17,1997 여름,7,26.23,1997
1997-07-18,1997 여름,7,26.31,1997
1997-07-19,1997 여름,7,30.52,1997
1997-07-20,1997 여름,7,32.27,1997
1997-07-21,1997 여름,7,32.8,1997
1997-07-22,1997 여름,7,33.84,1997
1997-07-23,1997 여름,7,37.15,1997
1997-07-24,1997 여름,7,37.79,1997
1997-07-25,1997 여름,7,35.86,1997
1997-07-26,1997 여름,7,33.84,1997
1997-07-27,1997 여름,7,31.84,1997
1997-07-28,1997 여름,7,33.95,1997
1997-07-29,1997 여름,7,35.22,1997
1997-07-30,1997 여름,7,33.43,1997
1997-07-31,1997 여름,7,33.63,1997
1997-08-01,1997 여름,8,33.63,1997
1997-08-02,1997 여름,8,32.34,1997
1997-08-03,1997 여름,8,25.13,1997
1997-08-04,1997 여름,8,21.97,1997
1997-08-05,1997 여름,8,25.22,1997
1997-08-06,1997 여름,8,30.36,1997
1997-08-07,1997 여름,8,30.18,1997
1997-08-08,1997 여름,8,34.29,1997
1997-08-09,1997 여름,8,31.65,1997
1997-08-10,1997 여름,8,28.3,1997
1997-08-11,1997 여름,8,29.66,1997
1997-08-12,1997 여름,8,28.79,1997
1997-08-13,1997 여름,8,28.61,1997
1997-08-14,1997 여름,8,29.9,1997
1997-08-15,1997 여름,8,28.68,1997
1997-08-16,1997 여름,8,27.8,1997
1997-08-17,1997 여름,8,28.61,1997
1997-08-18,1997 여름,8,31.86,1997
1997-08-19,1997 여름,8,26.45,1997
1997-08-20,1997 여름,8,31.98,1997
1997-08-21,1997 여름,8,25.66,1997
1997-08-22,1997 여름,8,24.7,1997
1997-08-23,1997 여름,8,25.74,1997
1997-08-24,1997 여름,8,28.81,1997
1997-08-25,1997 여름,8,28.63,1997
1997-08-26,1997 여름,8,26.13,1997
1997-08-27,1997 여름,8,28.41,1997
1997-08-28,1997 여름,8,25.91,1997
1997-08-29,1997 여름,8,26.46,1997
1997-08-30,1997 여름,8,29.43,1997
1997-08-31,1997 여름,8,31.25,1997
1998-06-01,1998 여름,6,19.27,1998
1998-06-02,1998 여름,6,16.44,1998
1998-06-03,1998 여름,6,15.27,1998
1998-06-04,1998 여름,6,15.38,1998
1998-06-05,1998 여름,6,15.56,1998
1998-06-06,1998 여름,6,18.45,1998
1998-06-07,1998 여름,6,19.64,1998
1998-06-08,1998 여름,6,19.54,1998
1998-06-09,1998 여름,6,22.94,1998
1998-06-10,1998 여름,6,24.31,1998
1998-06-11,1998 여름,6,24.26,1998
1998-06-12,1998 여름,6,25,1998
1998-06-13,1998 여름,6,19.58,1998
1998-06-14,1998 여름,6,20.58,1998
1998-06-15,1998 여름,6,21.97,1998
1998-06-16,1998 여름,6,22.58,1998
1998-06-17,1998 여름,6,25.02,1998
1998-06-18,1998 여름,6,24.17,1998
1998-06-19,1998 여름,6,21.75,1998
1998-06-20,1998 여름,6,24.29,1998
1998-06-21,1998 여름,6,25.87,1998
1998-06-22,1998 여름,6,25.33,1998
1998-06-23,1998 여름,6,25.22,1998
1998-06-24,1998 여름,6,25.59,1998
1998-06-25,1998 여름,6,21.97,1998
1998-06-26,1998 여름,6,21.21,1998
1998-06-27,1998 여름,6,23.25,1998
1998-06-28,1998 여름,6,24.46,1998
1998-06-29,1998 여름,6,26.21,1998
1998-06-30,1998 여름,6,24.92,1998
1998-07-01,1998 여름,7,22.28,1998
1998-07-02,1998 여름,7,21.92,1998
1998-07-03,1998 여름,7,23.39,1998
1998-07-04,1998 여름,7,25.1,1998
1998-07-05,1998 여름,7,25.65,1998
1998-07-06,1998 여름,7,26.59,1998
1998-07-07,1998 여름,7,29.3,1998
1998-07-08,1998 여름,7,24.04,1998
1998-07-09,1998 여름,7,23.88,1998
1998-07-10,1998 여름,7,24.08,1998
1998-07-11,1998 여름,7,25.08,1998
1998-07-12,1998 여름,7,26.5,1998
1998-07-13,1998 여름,7,25.74,1998
1998-07-14,1998 여름,7,25.2,1998
1998-07-15,1998 여름,7,24.23,1998
1998-07-16,1998 여름,7,23.43,1998
1998-07-17,1998 여름,7,25.33,1998
1998-07-18,1998 여름,7,25.45,1998
1998-07-19,1998 여름,7,21.5,1998
1998-07-20,1998 여름,7,24.58,1998
1998-07-21,1998 여름,7,24.7,1998
1998-07-22,1998 여름,7,25.23,1998
1998-07-23,1998 여름,7,26.17,1998
1998-07-24,1998 여름,7,25.62,1998
1998-07-25,1998 여름,7,25.21,1998
1998-07-26,1998 여름,7,23.62,1998
1998-07-27,1998 여름,7,25.5,1998
1998-07-28,1998 여름,7,28.14,1998
1998-07-29,1998 여름,7,29.26,1998
1998-07-30,1998 여름,7,30.74,1998
1998-07-31,1998 여름,7,25.1,1998
1998-08-01,1998 여름,8,24.59,1998
1998-08-02,1998 여름,8,28.76,1998
1998-08-03,1998 여름,8,26.49,1998
1998-08-04,1998 여름,8,25.13,1998
1998-08-05,1998 여름,8,26.6,1998
1998-08-06,1998 여름,8,25.37,1998
1998-08-07,1998 여름,8,26.42,1998
1998-08-08,1998 여름,8,24.15,1998
1998-08-09,1998 여름,8,25.8,1998
1998-08-10,1998 여름,8,24.13,1998
1998-08-11,1998 여름,8,26.32,1998
1998-08-12,1998 여름,8,25.28,1998
1998-08-13,1998 여름,8,26.38,1998
1998-08-14,1998 여름,8,26.17,1998
1998-08-15,1998 여름,8,24.28,1998
1998-08-16,1998 여름,8,25.64,1998
1998-08-17,1998 여름,8,25.28,1998
1998-08-18,1998 여름,8,25.36,1998
1998-08-19,1998 여름,8,25.45,1998
1998-08-20,1998 여름,8,25.86,1998
1998-08-21,1998 여름,8,25.02,1998
1998-08-22,1998 여름,8,25.54,1998
1998-08-23,1998 여름,8,24.48,1998
1998-08-24,1998 여름,8,23.25,1998
1998-08-25,1998 여름,8,24.02,1998
1998-08-26,1998 여름,8,24.3,1998
1998-08-27,1998 여름,8,22.31,1998
1998-08-28,1998 여름,8,22.79,1998
1998-08-29,1998 여름,8,24.22,1998
1998-08-30,1998 여름,8,23.86,1998
1998-08-31,1998 여름,8,23.65,1998
1999-06-01,1999 여름,6,20.04,1999
1999-06-02,1999 여름,6,18.85,1999
1999-06-03,1999 여름,6,21.44,1999
1999-06-04,1999 여름,6,23.42,1999
1999-06-05,1999 여름,6,25.57,1999
1999-06-06,1999 여름,6,22.29,1999
1999-06-07,1999 여름,6,22.79,1999
1999-06-08,1999 여름,6,23.44,1999
1999-06-09,1999 여름,6,23.69,1999
1999-06-10,1999 여름,6,23.73,1999
1999-06-11,1999 여름,6,22.62,1999
1999-06-12,1999 여름,6,22.95,1999
1999-06-13,1999 여름,6,23.72,1999
1999-06-14,1999 여름,6,24.86,1999
1999-06-15,1999 여름,6,24.08,1999
1999-06-16,1999 여름,6,19.11,1999
1999-06-17,1999 여름,6,20.43,1999
1999-06-18,1999 여름,6,22,1999
1999-06-19,1999 여름,6,21.55,1999
1999-06-20,1999 여름,6,21.7,1999
1999-06-21,1999 여름,6,23.93,1999
1999-06-22,1999 여름,6,24.4,1999
1999-06-23,1999 여름,6,20.49,1999
1999-06-24,1999 여름,6,21.1,1999
1999-06-25,1999 여름,6,23,1999
1999-06-26,1999 여름,6,24.99,1999
1999-06-27,1999 여름,6,25.18,1999
1999-06-28,1999 여름,6,27.9,1999
1999-06-29,1999 여름,6,29.37,1999
1999-06-30,1999 여름,6,26.08,1999
1999-07-01,1999 여름,7,25.81,1999
1999-07-02,1999 여름,7,25.53,1999
1999-07-03,1999 여름,7,25.6,1999
1999-07-04,1999 여름,7,26.04,1999
1999-07-05,1999 여름,7,25.95,1999
1999-07-06,1999 여름,7,26.24,1999
1999-07-07,1999 여름,7,26.41,1999
1999-07-08,1999 여름,7,26.2,1999
1999-07-09,1999 여름,7,23.98,1999
1999-07-10,1999 여름,7,21.22,1999
1999-07-11,1999 여름,7,24.49,1999
1999-07-12,1999 여름,7,23.75,1999
1999-07-13,1999 여름,7,25.97,1999
1999-07-14,1999 여름,7,28.28,1999
1999-07-15,1999 여름,7,23.63,1999
1999-07-16,1999 여름,7,23.92,1999
1999-07-17,1999 여름,7,24.82,1999
1999-07-18,1999 여름,7,25.32,1999
1999-07-19,1999 여름,7,28.81,1999
1999-07-20,1999 여름,7,32.51,1999
1999-07-21,1999 여름,7,32.7,1999
1999-07-22,1999 여름,7,25.78,1999
1999-07-23,1999 여름,7,26.04,1999
1999-07-24,1999 여름,7,26.15,1999
1999-07-25,1999 여름,7,26.63,1999
1999-07-26,1999 여름,7,33.5,1999
1999-07-27,1999 여름,7,31.59,1999
1999-07-28,1999 여름,7,25.12,1999
1999-07-29,1999 여름,7,24.74,1999
1999-07-30,1999 여름,7,29.41,1999
1999-07-31,1999 여름,7,25.5,1999
1999-08-01,1999 여름,8,23.58,1999
1999-08-02,1999 여름,8,21.08,1999
1999-08-03,1999 여름,8,20.99,1999
1999-08-04,1999 여름,8,23.6,1999
1999-08-05,1999 여름,8,26.08,1999
1999-08-06,1999 여름,8,30.09,1999
1999-08-07,1999 여름,8,32.06,1999
1999-08-08,1999 여름,8,33.66,1999
1999-08-09,1999 여름,8,32.85,1999
1999-08-10,1999 여름,8,35.06,1999
1999-08-11,1999 여름,8,33.18,1999
1999-08-12,1999 여름,8,32.53,1999
1999-08-13,1999 여름,8,30.88,1999
1999-08-14,1999 여름,8,31.82,1999
1999-08-15,1999 여름,8,30.98,1999
1999-08-16,1999 여름,8,31.58,1999
1999-08-17,1999 여름,8,33.42,1999
1999-08-18,1999 여름,8,29.57,1999
1999-08-19,1999 여름,8,25.08,1999
1999-08-20,1999 여름,8,25.24,1999
1999-08-21,1999 여름,8,24.42,1999
1999-08-22,1999 여름,8,23.58,1999
1999-08-23,1999 여름,8,25.31,1999
1999-08-24,1999 여름,8,24.83,1999
1999-08-25,1999 여름,8,24.43,1999
1999-08-26,1999 여름,8,25,1999
1999-08-27,1999 여름,8,22.38,1999
1999-08-28,1999 여름,8,23.83,1999
1999-08-29,1999 여름,8,24.32,1999
1999-08-30,1999 여름,8,24.03,1999
1999-08-31,1999 여름,8,23.36,1999
2000-06-01,2000 여름,6,20.14,2000
2000-06-02,2000 여름,6,21.51,2000
2000-06-03,2000 여름,6,24.51,2000
2000-06-04,2000 여름,6,25.84,2000
2000-06-05,2000 여름,6,24.73,2000
2000-06-06,2000 여름,6,22.08,2000
2000-06-07,2000 여름,6,22.06,2000
2000-06-08,2000 여름,6,20.51,2000
2000-06-09,2000 여름,6,19.93,2000
2000-06-10,2000 여름,6,20.13,2000
2000-06-11,2000 여름,6,21.31,2000
2000-06-12,2000 여름,6,22.61,2000
2000-06-13,2000 여름,6,22.61,2000
2000-06-14,2000 여름,6,24.1,2000
2000-06-15,2000 여름,6,24.49,2000
2000-06-16,2000 여름,6,24.78,2000
2000-06-17,2000 여름,6,25.62,2000
2000-06-18,2000 여름,6,25.91,2000
2000-06-19,2000 여름,6,25.78,2000
2000-06-20,2000 여름,6,25.68,2000
2000-06-21,2000 여름,6,25.86,2000
2000-06-22,2000 여름,6,23.28,2000
2000-06-23,2000 여름,6,22.68,2000
2000-06-24,2000 여름,6,24.15,2000
2000-06-25,2000 여름,6,24.75,2000
2000-06-26,2000 여름,6,24.07,2000
2000-06-27,2000 여름,6,23.91,2000
2000-06-28,2000 여름,6,25.83,2000
2000-06-29,2000 여름,6,23.22,2000
2000-06-30,2000 여름,6,22.78,2000
2000-07-01,2000 여름,7,25.08,2000
2000-07-02,2000 여름,7,29.09,2000
2000-07-03,2000 여름,7,30.13,2000
2000-07-04,2000 여름,7,30.31,2000
2000-07-05,2000 여름,7,30.35,2000
2000-07-06,2000 여름,7,31.43,2000
2000-07-07,2000 여름,7,29.45,2000
2000-07-08,2000 여름,7,27.32,2000
2000-07-09,2000 여름,7,26.54,2000
2000-07-10,2000 여름,7,29.79,2000
2000-07-11,2000 여름,7,23.9,2000
2000-07-12,2000 여름,7,24.8,2000
2000-07-13,2000 여름,7,25.49,2000
2000-07-14,2000 여름,7,26.35,2000
2000-07-15,2000 여름,7,26.44,2000
2000-07-16,2000 여름,7,25.46,2000
2000-07-17,2000 여름,7,29.1,2000
2000-07-18,2000 여름,7,30.26,2000
2000-07-19,2000 여름,7,26.65,2000
2000-07-20,2000 여름,7,31.12,2000
2000-07-21,2000 여름,7,30.41,2000
2000-07-22,2000 여름,7,24.83,2000
2000-07-23,2000 여름,7,25.43,2000
2000-07-24,2000 여름,7,26.23,2000
2000-07-25,2000 여름,7,25.54,2000
2000-07-26,2000 여름,7,26.64,2000
2000-07-27,2000 여름,7,29.9,2000
2000-07-28,2000 여름,7,29.92,2000
2000-07-29,2000 여름,7,30.25,2000
2000-07-30,2000 여름,7,23.97,2000
2000-07-31,2000 여름,7,25.06,2000
2000-08-01,2000 여름,8,26.05,2000
2000-08-02,2000 여름,8,30.1,2000
2000-08-03,2000 여름,8,29.4,2000
2000-08-04,2000 여름,8,24.63,2000
2000-08-05,2000 여름,8,24.94,2000
2000-08-06,2000 여름,8,24.2,2000
2000-08-07,2000 여름,8,24.32,2000
2000-08-08,2000 여름,8,26.31,2000
2000-08-09,2000 여름,8,26.45,2000
2000-08-10,2000 여름,8,29.82,2000
2000-08-11,2000 여름,8,30.38,2000
2000-08-12,2000 여름,8,31.3,2000
2000-08-13,2000 여름,8,31.1,2000
2000-08-14,2000 여름,8,30.54,2000
2000-08-15,2000 여름,8,30.77,2000
2000-08-16,2000 여름,8,30.89,2000
2000-08-17,2000 여름,8,31.22,2000
2000-08-18,2000 여름,8,30.96,2000
2000-08-19,2000 여름,8,24.58,2000
2000-08-20,2000 여름,8,22.16,2000
2000-08-21,2000 여름,8,22.58,2000
2000-08-22,2000 여름,8,24.73,2000
2000-08-23,2000 여름,8,25.4,2000
2000-08-24,2000 여름,8,23.17,2000
2000-08-25,2000 여름,8,21.78,2000
2000-08-26,2000 여름,8,21.91,2000
2000-08-27,2000 여름,8,24.61,2000
2000-08-28,2000 여름,8,25.28,2000
2000-08-29,2000 여름,8,30.16,2000
2000-08-30,2000 여름,8,31.43,2000
2000-08-31,2000 여름,8,25.44,2000
2001-06-01,2001 여름,6,18.74,2001
2001-06-02,2001 여름,6,21.78,2001
2001-06-03,2001 여름,6,23.58,2001
2001-06-04,2001 여름,6,22.64,2001
2001-06-05,2001 여름,6,20.82,2001
2001-06-06,2001 여름,6,22.77,2001
2001-06-07,2001 여름,6,25.02,2001
2001-06-08,2001 여름,6,24.91,2001
2001-06-09,2001 여름,6,24.49,2001
2001-06-10,2001 여름,6,25.76,2001
2001-06-11,2001 여름,6,24.2,2001
2001-06-12,2001 여름,6,22.32,2001
2001-06-13,2001 여름,6,21.25,2001
2001-06-14,2001 여름,6,22.43,2001
2001-06-15,2001 여름,6,22.24,2001
2001-06-16,2001 여름,6,21.87,2001
2001-06-17,2001 여름,6,23.68,2001
2001-06-18,2001 여름,6,20.27,2001
2001-06-19,2001 여름,6,21.58,2001
2001-06-20,2001 여름,6,22.94,2001
2001-06-21,2001 여름,6,22.31,2001
2001-06-22,2001 여름,6,21.89,2001
2001-06-23,2001 여름,6,21.58,2001
2001-06-24,2001 여름,6,20.49,2001
2001-06-25,2001 여름,6,22.48,2001
2001-06-26,2001 여름,6,22.31,2001
2001-06-27,2001 여름,6,21.52,2001
2001-06-28,2001 여름,6,23.59,2001
2001-06-29,2001 여름,6,22.84,2001
2001-06-30,2001 여름,6,21.34,2001
2001-07-01,2001 여름,7,24.85,2001
2001-07-02,2001 여름,7,30.14,2001
2001-07-03,2001 여름,7,25.13,2001
2001-07-04,2001 여름,7,26.16,2001
2001-07-05,2001 여름,7,23.7,2001
2001-07-06,2001 여름,7,25.89,2001
2001-07-07,2001 여름,7,25.97,2001
2001-07-08,2001 여름,7,25.16,2001
2001-07-09,2001 여름,7,24.96,2001
2001-07-10,2001 여름,7,21.95,2001
2001-07-11,2001 여름,7,24.57,2001
2001-07-12,2001 여름,7,26.61,2001
2001-07-13,2001 여름,7,26.53,2001
2001-07-14,2001 여름,7,24.73,2001
2001-07-15,2001 여름,7,23.28,2001
2001-07-16,2001 여름,7,25.28,2001
2001-07-17,2001 여름,7,26.48,2001
2001-07-18,2001 여름,7,26.4,2001
2001-07-19,2001 여름,7,26.33,2001
2001-07-20,2001 여름,7,26.29,2001
2001-07-21,2001 여름,7,25.96,2001
2001-07-22,2001 여름,7,26.3,2001
2001-07-23,2001 여름,7,25.92,2001
2001-07-24,2001 여름,7,26.06,2001
2001-07-25,2001 여름,7,30.56,2001
2001-07-26,2001 여름,7,31.99,2001
2001-07-27,2001 여름,7,30.48,2001
2001-07-28,2001 여름,7,30.96,2001
2001-07-29,2001 여름,7,25.16,2001
2001-07-30,2001 여름,7,25.31,2001
2001-07-31,2001 여름,7,25.79,2001
2001-08-01,2001 여름,8,29.61,2001
2001-08-02,2001 여름,8,32.54,2001
2001-08-03,2001 여름,8,32.63,2001
2001-08-04,2001 여름,8,33.65,2001
2001-08-05,2001 여름,8,29.26,2001
2001-08-06,2001 여름,8,30.94,2001
2001-08-07,2001 여름,8,29.93,2001
2001-08-08,2001 여름,8,26.45,2001
2001-08-09,2001 여름,8,25.39,2001
2001-08-10,2001 여름,8,26.41,2001
2001-08-11,2001 여름,8,25.68,2001
2001-08-12,2001 여름,8,23.87,2001
2001-08-13,2001 여름,8,21.52,2001
2001-08-14,2001 여름,8,24.65,2001
2001-08-15,2001 여름,8,25.16,2001
2001-08-16,2001 여름,8,31.41,2001
2001-08-17,2001 여름,8,33.3,2001
2001-08-18,2001 여름,8,31.03,2001
2001-08-19,2001 여름,8,29.53,2001
2001-08-20,2001 여름,8,29.36,2001
2001-08-21,2001 여름,8,29.7,2001
2001-08-22,2001 여름,8,28.64,2001
2001-08-23,2001 여름,8,26.55,2001
2001-08-24,2001 여름,8,26.5,2001
2001-08-25,2001 여름,8,25.4,2001
2001-08-26,2001 여름,8,25.58,2001
2001-08-27,2001 여름,8,25.69,2001
2001-08-28,2001 여름,8,25.1,2001
2001-08-29,2001 여름,8,23.48,2001
2001-08-30,2001 여름,8,24.06,2001
2001-08-31,2001 여름,8,24.95,2001
2002-06-01,2002 여름,6,20.2,2002
2002-06-02,2002 여름,6,22.5,2002
2002-06-03,2002 여름,6,23.42,2002
2002-06-04,2002 여름,6,22.45,2002
2002-06-05,2002 여름,6,24.93,2002
2002-06-06,2002 여름,6,25.97,2002
2002-06-07,2002 여름,6,25.55,2002
2002-06-08,2002 여름,6,22.1,2002
2002-06-09,2002 여름,6,22.7,2002
2002-06-10,2002 여름,6,22.51,2002
2002-06-11,2002 여름,6,21.82,2002
2002-06-12,2002 여름,6,18.6,2002
2002-06-13,2002 여름,6,19.88,2002
2002-06-14,2002 여름,6,20.33,2002
2002-06-15,2002 여름,6,20.63,2002
2002-06-16,2002 여름,6,22.24,2002
2002-06-17,2002 여름,6,23.08,2002
2002-06-18,2002 여름,6,23.68,2002
2002-06-19,2002 여름,6,22.27,2002
2002-06-20,2002 여름,6,22.2,2002
2002-06-21,2002 여름,6,23.53,2002
2002-06-22,2002 여름,6,23.78,2002
2002-06-23,2002 여름,6,18.43,2002
2002-06-24,2002 여름,6,16.38,2002
2002-06-25,2002 여름,6,19.82,2002
2002-06-26,2002 여름,6,20.78,2002
2002-06-27,2002 여름,6,21.73,2002
2002-06-28,2002 여름,6,23.34,2002
2002-06-29,2002 여름,6,25.65,2002
2002-06-30,2002 여름,6,26.24,2002
2002-07-01,2002 여름,7,25.02,2002
2002-07-02,2002 여름,7,24.29,2002
2002-07-03,2002 여름,7,25.88,2002
2002-07-04,2002 여름,7,29.03,2002
2002-07-05,2002 여름,7,23.81,2002
2002-07-06,2002 여름,7,21.33,2002
2002-07-07,2002 여름,7,22.58,2002
2002-07-08,2002 여름,7,24.11,2002
2002-07-09,2002 여름,7,25.17,2002
2002-07-10,2002 여름,7,26.18,2002
2002-07-11,2002 여름,7,25.34,2002
2002-07-12,2002 여름,7,25.34,2002
2002-07-13,2002 여름,7,25.17,2002
2002-07-14,2002 여름,7,23.47,2002
2002-07-15,2002 여름,7,25.65,2002
2002-07-16,2002 여름,7,24.7,2002
2002-07-17,2002 여름,7,24.4,2002
2002-07-18,2002 여름,7,24.68,2002
2002-07-19,2002 여름,7,21.15,2002
2002-07-20,2002 여름,7,23.25,2002
2002-07-21,2002 여름,7,25.6,2002
2002-07-22,2002 여름,7,24.6,2002
2002-07-23,2002 여름,7,22.34,2002
2002-07-24,2002 여름,7,25.16,2002
2002-07-25,2002 여름,7,30.32,2002
2002-07-26,2002 여름,7,29.83,2002
2002-07-27,2002 여름,7,31.4,2002
2002-07-28,2002 여름,7,32.81,2002
2002-07-29,2002 여름,7,30.81,2002
2002-07-30,2002 여름,7,26.64,2002
2002-07-31,2002 여름,7,26.02,2002
2002-08-01,2002 여름,8,25.95,2002
2002-08-02,2002 여름,8,25.99,2002
2002-08-03,2002 여름,8,25.77,2002
2002-08-04,2002 여름,8,25.59,2002
2002-08-05,2002 여름,8,29.34,2002
2002-08-06,2002 여름,8,22.82,2002
2002-08-07,2002 여름,8,21.06,2002
2002-08-08,2002 여름,8,24.93,2002
2002-08-09,2002 여름,8,25.45,2002
2002-08-10,2002 여름,8,21.83,2002
2002-08-11,2002 여름,8,20.26,2002
2002-08-12,2002 여름,8,20.62,2002
2002-08-13,2002 여름,8,22.94,2002
2002-08-14,2002 여름,8,23.1,2002
2002-08-15,2002 여름,8,24,2002
2002-08-16,2002 여름,8,23.91,2002
2002-08-17,2002 여름,8,22.95,2002
2002-08-18,2002 여름,8,24.53,2002
2002-08-19,2002 여름,8,22.6,2002
2002-08-20,2002 여름,8,24.39,2002
2002-08-21,2002 여름,8,24.44,2002
2002-08-22,2002 여름,8,22.86,2002
2002-08-23,2002 여름,8,24.56,2002
2002-08-24,2002 여름,8,25.62,2002
2002-08-25,2002 여름,8,25.23,2002
2002-08-26,2002 여름,8,26.47,2002
2002-08-27,2002 여름,8,24.39,2002
2002-08-28,2002 여름,8,25.47,2002
2002-08-29,2002 여름,8,30.4,2002
2002-08-30,2002 여름,8,25.95,2002
2002-08-31,2002 여름,8,22.61,2002
2003-06-01,2003 여름,6,23.63,2003
2003-06-02,2003 여름,6,22.61,2003
2003-06-03,2003 여름,6,22.08,2003
2003-06-04,2003 여름,6,21.71,2003
2003-06-05,2003 여름,6,22.4,2003
2003-06-06,2003 여름,6,18.9,2003
2003-06-07,2003 여름,6,20.5,2003
2003-06-08,2003 여름,6,23.97,2003
2003-06-09,2003 여름,6,25.77,2003
2003-06-10,2003 여름,6,23.05,2003
2003-06-11,2003 여름,6,21.18,2003
2003-06-12,2003 여름,6,19.25,2003
2003-06-13,2003 여름,6,20.14,2003
2003-06-14,2003 여름,6,20.3,2003
2003-06-15,2003 여름,6,18.1,2003
2003-06-16,2003 여름,6,20.3,2003
2003-06-17,2003 여름,6,22.2,2003
2003-06-18,2003 여름,6,22.42,2003
2003-06-19,2003 여름,6,23.18,2003
2003-06-20,2003 여름,6,22.01,2003
2003-06-21,2003 여름,6,23.39,2003
2003-06-22,2003 여름,6,24.48,2003
2003-06-23,2003 여름,6,21.69,2003
2003-06-24,2003 여름,6,16.87,2003
2003-06-25,2003 여름,6,18.9,2003
2003-06-26,2003 여름,6,22.21,2003
2003-06-27,2003 여름,6,20.18,2003
2003-06-28,2003 여름,6,22.66,2003
2003-06-29,2003 여름,6,19.8,2003
2003-06-30,2003 여름,6,22.76,2003
2003-07-01,2003 여름,7,22.98,2003
2003-07-02,2003 여름,7,24.61,2003
2003-07-03,2003 여름,7,21.55,2003
2003-07-04,2003 여름,7,22.28,2003
2003-07-05,2003 여름,7,24.92,2003
2003-07-06,2003 여름,7,24.55,2003
2003-07-07,2003 여름,7,25.12,2003
2003-07-08,2003 여름,7,25.6,2003
2003-07-09,2003 여름,7,22.05,2003
2003-07-10,2003 여름,7,23.23,2003
2003-07-11,2003 여름,7,24.88,2003
2003-07-12,2003 여름,7,23.59,2003
2003-07-13,2003 여름,7,24.47,2003
2003-07-14,2003 여름,7,23.58,2003
2003-07-15,2003 여름,7,24.73,2003
2003-07-16,2003 여름,7,24.86,2003
2003-07-17,2003 여름,7,24.38,2003
2003-07-18,2003 여름,7,19.99,2003
2003-07-19,2003 여름,7,20.34,2003
2003-07-20,2003 여름,7,23.42,2003
2003-07-21,2003 여름,7,25.53,2003
2003-07-22,2003 여름,7,23.04,2003
2003-07-23,2003 여름,7,22.45,2003
2003-07-24,2003 여름,7,24.51,2003
2003-07-25,2003 여름,7,25.91,2003
2003-07-26,2003 여름,7,25.62,2003
2003-07-27,2003 여름,7,21.25,2003
2003-07-28,2003 여름,7,22.24,2003
2003-07-29,2003 여름,7,24.44,2003
2003-07-30,2003 여름,7,26.05,2003
2003-07-31,2003 여름,7,26.4,2003
2003-08-01,2003 여름,8,25.79,2003
2003-08-02,2003 여름,8,24.95,2003
2003-08-03,2003 여름,8,25.19,2003
2003-08-04,2003 여름,8,26.63,2003
2003-08-05,2003 여름,8,25.95,2003
2003-08-06,2003 여름,8,23.52,2003
2003-08-07,2003 여름,8,22.74,2003
2003-08-08,2003 여름,8,24.8,2003
2003-08-09,2003 여름,8,26.55,2003
2003-08-10,2003 여름,8,24.37,2003
2003-08-11,2003 여름,8,23.65,2003
2003-08-12,2003 여름,8,24.79,2003
2003-08-13,2003 여름,8,24.76,2003
2003-08-14,2003 여름,8,24.83,2003
2003-08-15,2003 여름,8,24.81,2003
2003-08-16,2003 여름,8,23.59,2003
2003-08-17,2003 여름,8,22.91,2003
2003-08-18,2003 여름,8,21.43,2003
2003-08-19,2003 여름,8,21.68,2003
2003-08-20,2003 여름,8,24.46,2003
2003-08-21,2003 여름,8,26.3,2003
2003-08-22,2003 여름,8,29.59,2003
2003-08-23,2003 여름,8,24.65,2003
2003-08-24,2003 여름,8,22.88,2003
2003-08-25,2003 여름,8,24.93,2003
2003-08-26,2003 여름,8,24.18,2003
2003-08-27,2003 여름,8,21.64,2003
2003-08-28,2003 여름,8,23.87,2003
2003-08-29,2003 여름,8,22.45,2003
2003-08-30,2003 여름,8,20.41,2003
2003-08-31,2003 여름,8,20.82,2003
2004-06-01,2004 여름,6,21.03,2004
2004-06-02,2004 여름,6,23.1,2004
2004-06-03,2004 여름,6,25.83,2004
2004-06-04,2004 여름,6,26.13,2004
2004-06-05,2004 여름,6,25.88,2004
2004-06-06,2004 여름,6,23.51,2004
2004-06-07,2004 여름,6,21.79,2004
2004-06-08,2004 여름,6,20.12,2004
2004-06-09,2004 여름,6,20.56,2004
2004-06-10,2004 여름,6,22.82,2004
2004-06-11,2004 여름,6,25.26,2004
2004-06-12,2004 여름,6,25.01,2004
2004-06-13,2004 여름,6,23.37,2004
2004-06-14,2004 여름,6,23.53,2004
2004-06-15,2004 여름,6,25.22,2004
2004-06-16,2004 여름,6,25.53,2004
2004-06-17,2004 여름,6,19.67,2004
2004-06-18,2004 여름,6,20.2,2004
2004-06-19,2004 여름,6,21.03,2004
2004-06-20,2004 여름,6,21.45,2004
2004-06-21,2004 여름,6,22.8,2004
2004-06-22,2004 여름,6,20.88,2004
2004-06-23,2004 여름,6,22.09,2004
2004-06-24,2004 여름,6,25.01,2004
2004-06-25,2004 여름,6,25.33,2004
2004-06-26,2004 여름,6,24.3,2004
2004-06-27,2004 여름,6,24.48,2004
2004-06-28,2004 여름,6,22.79,2004
2004-06-29,2004 여름,6,22.21,2004
2004-06-30,2004 여름,6,24.56,2004
2004-07-01,2004 여름,7,24.28,2004
2004-07-02,2004 여름,7,22.9,2004
2004-07-03,2004 여름,7,24.56,2004
2004-07-04,2004 여름,7,21.03,2004
2004-07-05,2004 여름,7,22.66,2004
2004-07-06,2004 여름,7,23.38,2004
2004-07-07,2004 여름,7,21.61,2004
2004-07-08,2004 여름,7,21.29,2004
2004-07-09,2004 여름,7,22.63,2004
2004-07-10,2004 여름,7,24,2004
2004-07-11,2004 여름,7,23.57,2004
2004-07-12,2004 여름,7,22.19,2004
2004-07-13,2004 여름,7,21.11,2004
2004-07-14,2004 여름,7,23.38,2004
2004-07-15,2004 여름,7,22.85,2004
2004-07-16,2004 여름,7,22.9,2004
2004-07-17,2004 여름,7,22.39,2004
2004-07-18,2004 여름,7,24.96,2004
2004-07-19,2004 여름,7,26.33,2004
2004-07-20,2004 여름,7,25.75,2004
2004-07-21,2004 여름,7,29.46,2004
2004-07-22,2004 여름,7,30.07,2004
2004-07-23,2004 여름,7,30.57,2004
2004-07-24,2004 여름,7,28.93,2004
2004-07-25,2004 여름,7,25.52,2004
2004-07-26,2004 여름,7,26.3,2004
2004-07-27,2004 여름,7,30.17,2004
2004-07-28,2004 여름,7,32.16,2004
2004-07-29,2004 여름,7,32.19,2004
2004-07-30,2004 여름,7,32.48,2004
2004-07-31,2004 여름,7,33.47,2004
2004-08-01,2004 여름,8,31.74,2004
2004-08-02,2004 여름,8,29.81,2004
2004-08-03,2004 여름,8,31.41,2004
2004-08-04,2004 여름,8,31.64,2004
2004-08-05,2004 여름,8,30.13,2004
2004-08-06,2004 여름,8,31.39,2004
2004-08-07,2004 여름,8,32.07,2004
2004-08-08,2004 여름,8,31.48,2004
2004-08-09,2004 여름,8,31.82,2004
2004-08-10,2004 여름,8,34.49,2004
2004-08-11,2004 여름,8,32.25,2004
2004-08-12,2004 여름,8,32.36,2004
2004-08-13,2004 여름,8,31.81,2004
2004-08-14,2004 여름,8,26.42,2004
2004-08-15,2004 여름,8,28.15,2004
2004-08-16,2004 여름,8,25.4,2004
2004-08-17,2004 여름,8,22.98,2004
2004-08-18,2004 여름,8,23.28,2004
2004-08-19,2004 여름,8,21.79,2004
2004-08-20,2004 여름,8,23.48,2004
2004-08-21,2004 여름,8,23.23,2004
2004-08-22,2004 여름,8,22.8,2004
2004-08-23,2004 여름,8,22.86,2004
2004-08-24,2004 여름,8,23.81,2004
2004-08-25,2004 여름,8,24.26,2004
2004-08-26,2004 여름,8,23.86,2004
2004-08-27,2004 여름,8,24.48,2004
2004-08-28,2004 여름,8,23.82,2004
2004-08-29,2004 여름,8,25.21,2004
2004-08-30,2004 여름,8,26.21,2004
2004-08-31,2004 여름,8,24.36,2004
2005-06-01,2005 여름,6,19.67,2005
2005-06-02,2005 여름,6,19.27,2005
2005-06-03,2005 여름,6,18.14,2005
2005-06-04,2005 여름,6,19.44,2005
2005-06-05,2005 여름,6,22.44,2005
2005-06-06,2005 여름,6,22.44,2005
2005-06-07,2005 여름,6,21.72,2005
2005-06-08,2005 여름,6,22.99,2005
2005-06-09,2005 여름,6,23.44,2005
2005-06-10,2005 여름,6,19.5,2005
2005-06-11,2005 여름,6,20.98,2005
2005-06-12,2005 여름,6,21.58,2005
2005-06-13,2005 여름,6,24.53,2005
2005-06-14,2005 여름,6,24.48,2005
2005-06-15,2005 여름,6,21.39,2005
2005-06-16,2005 여름,6,21.11,2005
2005-06-17,2005 여름,6,22.48,2005
2005-06-18,2005 여름,6,23.13,2005
2005-06-19,2005 여름,6,23.52,2005
2005-06-20,2005 여름,6,23.56,2005
2005-06-21,2005 여름,6,24.42,2005
2005-06-22,2005 여름,6,24.2,2005
2005-06-23,2005 여름,6,24.31,2005
2005-06-24,2005 여름,6,25.66,2005
2005-06-25,2005 여름,6,25.33,2005
2005-06-26,2005 여름,6,24.93,2005
2005-06-27,2005 여름,6,22.78,2005
2005-06-28,2005 여름,6,23.56,2005
2005-06-29,2005 여름,6,22.83,2005
2005-06-30,2005 여름,6,25.47,2005
2005-07-01,2005 여름,7,23.93,2005
2005-07-02,2005 여름,7,24.01,2005
2005-07-03,2005 여름,7,21.65,2005
2005-07-04,2005 여름,7,24.02,2005
2005-07-05,2005 여름,7,23.14,2005
2005-07-06,2005 여름,7,24.51,2005
2005-07-07,2005 여름,7,24.2,2005
2005-07-08,2005 여름,7,25.05,2005
2005-07-09,2005 여름,7,22.52,2005
2005-07-10,2005 여름,7,23.63,2005
2005-07-11,2005 여름,7,20.98,2005
2005-07-12,2005 여름,7,22.87,2005
2005-07-13,2005 여름,7,23.33,2005
2005-07-14,2005 여름,7,25.01,2005
2005-07-15,2005 여름,7,25.61,2005
2005-07-16,2005 여름,7,26.07,2005
2005-07-17,2005 여름,7,24.86,2005
2005-07-18,2005 여름,7,26.28,2005
2005-07-19,2005 여름,7,26.49,2005
2005-07-20,2005 여름,7,29.11,2005
2005-07-21,2005 여름,7,29.2,2005
2005-07-22,2005 여름,7,32.19,2005
2005-07-23,2005 여름,7,34.6,2005
2005-07-24,2005 여름,7,33.44,2005
2005-07-25,2005 여름,7,30.54,2005
2005-07-26,2005 여름,7,29.4,2005
2005-07-27,2005 여름,7,28.94,2005
2005-07-28,2005 여름,7,23.31,2005
2005-07-29,2005 여름,7,25.16,2005
2005-07-30,2005 여름,7,26.16,2005
2005-07-31,2005 여름,7,28.69,2005
2005-08-01,2005 여름,8,25.19,2005
2005-08-02,2005 여름,8,26.41,2005
2005-08-03,2005 여름,8,24.73,2005
2005-08-04,2005 여름,8,31.41,2005
2005-08-05,2005 여름,8,33.38,2005
2005-08-06,2005 여름,8,32.83,2005
2005-08-07,2005 여름,8,29.06,2005
2005-08-08,2005 여름,8,26.18,2005
2005-08-09,2005 여름,8,26.42,2005
2005-08-10,2005 여름,8,25.19,2005
2005-08-11,2005 여름,8,25.06,2005
2005-08-12,2005 여름,8,25.91,2005
2005-08-13,2005 여름,8,29.79,2005
2005-08-14,2005 여름,8,30.08,2005
2005-08-15,2005 여름,8,29.92,2005
2005-08-16,2005 여름,8,31.8,2005
2005-08-17,2005 여름,8,31.53,2005
2005-08-18,2005 여름,8,25.92,2005
2005-08-19,2005 여름,8,21.73,2005
2005-08-20,2005 여름,8,22.96,2005
2005-08-21,2005 여름,8,23.83,2005
2005-08-22,2005 여름,8,23.23,2005
2005-08-23,2005 여름,8,24.08,2005
2005-08-24,2005 여름,8,21.11,2005
2005-08-25,2005 여름,8,17.51,2005
2005-08-26,2005 여름,8,20.81,2005
2005-08-27,2005 여름,8,23.6,2005
2005-08-28,2005 여름,8,22.96,2005
2005-08-29,2005 여름,8,24.57,2005
2005-08-30,2005 여름,8,24.19,2005
2005-08-31,2005 여름,8,25.4,2005
2006-06-01,2006 여름,6,22.64,2006
2006-06-02,2006 여름,6,25.6,2006
2006-06-03,2006 여름,6,23.65,2006
2006-06-04,2006 여름,6,20.89,2006
2006-06-05,2006 여름,6,21.25,2006
2006-06-06,2006 여름,6,21.85,2006
2006-06-07,2006 여름,6,21.84,2006
2006-06-08,2006 여름,6,20.5,2006
2006-06-09,2006 여름,6,20.68,2006
2006-06-10,2006 여름,6,17.7,2006
2006-06-11,2006 여름,6,16.77,2006
2006-06-12,2006 여름,6,20.85,2006
2006-06-13,2006 여름,6,23.52,2006
2006-06-14,2006 여름,6,19.2,2006
2006-06-15,2006 여름,6,18.71,2006
2006-06-16,2006 여름,6,21.11,2006
2006-06-17,2006 여름,6,22.31,2006
2006-06-18,2006 여름,6,21.59,2006
2006-06-19,2006 여름,6,22.52,2006
2006-06-20,2006 여름,6,22.63,2006
2006-06-21,2006 여름,6,19.39,2006
2006-06-22,2006 여름,6,22.42,2006
2006-06-23,2006 여름,6,23.9,2006
2006-06-24,2006 여름,6,24.27,2006
2006-06-25,2006 여름,6,24.78,2006
2006-06-26,2006 여름,6,20.51,2006
2006-06-27,2006 여름,6,21.04,2006
2006-06-28,2006 여름,6,23.56,2006
2006-06-29,2006 여름,6,24.91,2006
2006-06-30,2006 여름,6,23.28,2006
2006-07-01,2006 여름,7,22.63,2006
2006-07-02,2006 여름,7,22.84,2006
2006-07-03,2006 여름,7,24.08,2006
2006-07-04,2006 여름,7,22.65,2006
2006-07-05,2006 여름,7,21.54,2006
2006-07-06,2006 여름,7,21.05,2006
2006-07-07,2006 여름,7,22.79,2006
2006-07-08,2006 여름,7,25.22,2006
2006-07-09,2006 여름,7,25.76,2006
2006-07-10,2006 여름,7,23.97,2006
2006-07-11,2006 여름,7,24.61,2006
2006-07-12,2006 여름,7,23.67,2006
2006-07-13,2006 여름,7,25.02,2006
2006-07-14,2006 여름,7,29.73,2006
2006-07-15,2006 여름,7,24.62,2006
2006-07-16,2006 여름,7,18.87,2006
2006-07-17,2006 여름,7,19.28,2006
2006-07-18,2006 여름,7,19.04,2006
2006-07-19,2006 여름,7,21.48,2006
2006-07-20,2006 여름,7,21.97,2006
2006-07-21,2006 여름,7,21.79,2006
2006-07-22,2006 여름,7,23.49,2006
2006-07-23,2006 여름,7,23.31,2006
2006-07-24,2006 여름,7,23.48,2006
2006-07-25,2006 여름,7,24.66,2006
2006-07-26,2006 여름,7,22.27,2006
2006-07-27,2006 여름,7,20.94,2006
2006-07-28,2006 여름,7,21.7,2006
2006-07-29,2006 여름,7,24.29,2006
2006-07-30,2006 여름,7,26.08,2006
2006-07-31,2006 여름,7,26.45,2006
2006-08-01,2006 여름,8,29.81,2006
2006-08-02,2006 여름,8,30.5,2006
2006-08-03,2006 여름,8,31.18,2006
2006-08-04,2006 여름,8,32.71,2006
2006-08-05,2006 여름,8,32.5,2006
2006-08-06,2006 여름,8,30.73,2006
2006-08-07,2006 여름,8,29.6,2006
2006-08-08,2006 여름,8,31.91,2006
2006-08-09,2006 여름,8,32.89,2006
2006-08-10,2006 여름,8,30.74,2006
2006-08-11,2006 여름,8,28.18,2006
2006-08-12,2006 여름,8,29.44,2006
2006-08-13,2006 여름,8,31.77,2006
2006-08-14,2006 여름,8,33.38,2006
2006-08-15,2006 여름,8,32.64,2006
2006-08-16,2006 여름,8,32.42,2006
2006-08-17,2006 여름,8,28.82,2006
2006-08-18,2006 여름,8,26.5,2006
2006-08-19,2006 여름,8,25,2006
2006-08-20,2006 여름,8,23.35,2006
2006-08-21,2006 여름,8,28.16,2006
2006-08-22,2006 여름,8,29.97,2006
2006-08-23,2006 여름,8,28.9,2006
2006-08-24,2006 여름,8,28.53,2006
2006-08-25,2006 여름,8,25.17,2006
2006-08-26,2006 여름,8,25.28,2006
2006-08-27,2006 여름,8,24.25,2006
2006-08-28,2006 여름,8,25.44,2006
2006-08-29,2006 여름,8,23.82,2006
2006-08-30,2006 여름,8,25.17,2006
2006-08-31,2006 여름,8,25.38,2006
2007-06-01,2007 여름,6,20.42,2007
2007-06-02,2007 여름,6,23.03,2007
2007-06-03,2007 여름,6,23.83,2007
2007-06-04,2007 여름,6,22.76,2007
2007-06-05,2007 여름,6,19.89,2007
2007-06-06,2007 여름,6,20.15,2007
2007-06-07,2007 여름,6,19.17,2007
2007-06-08,2007 여름,6,19.63,2007
2007-06-09,2007 여름,6,20.28,2007
2007-06-10,2007 여름,6,23.3,2007
2007-06-11,2007 여름,6,24.23,2007
2007-06-12,2007 여름,6,24.44,2007
2007-06-13,2007 여름,6,23.79,2007
2007-06-14,2007 여름,6,23.51,2007
2007-06-15,2007 여름,6,23.08,2007
2007-06-16,2007 여름,6,25.39,2007
2007-06-17,2007 여름,6,25.45,2007
2007-06-18,2007 여름,6,26.48,2007
2007-06-19,2007 여름,6,26.35,2007
2007-06-20,2007 여름,6,24.3,2007
2007-06-21,2007 여름,6,21.39,2007
2007-06-22,2007 여름,6,24.9,2007
2007-06-23,2007 여름,6,25,2007
2007-06-24,2007 여름,6,21.23,2007
2007-06-25,2007 여름,6,21.43,2007
2007-06-26,2007 여름,6,25.29,2007
2007-06-27,2007 여름,6,25.68,2007
2007-06-28,2007 여름,6,24.76,2007
2007-06-29,2007 여름,6,21.96,2007
2007-06-30,2007 여름,6,24.15,2007
2007-07-01,2007 여름,7,20.02,2007
2007-07-02,2007 여름,7,20.38,2007
2007-07-03,2007 여름,7,23.47,2007
2007-07-04,2007 여름,7,22.62,2007
2007-07-05,2007 여름,7,22.5,2007
2007-07-06,2007 여름,7,25.95,2007
2007-07-07,2007 여름,7,26.43,2007
2007-07-08,2007 여름,7,25.83,2007
2007-07-09,2007 여름,7,26.35,2007
2007-07-10,2007 여름,7,22.43,2007
2007-07-11,2007 여름,7,19.02,2007
2007-07-12,2007 여름,7,23.26,2007
2007-07-13,2007 여름,7,25.58,2007
2007-07-14,2007 여름,7,24.13,2007
2007-07-15,2007 여름,7,24.5,2007
2007-07-16,2007 여름,7,20.38,2007
2007-07-17,2007 여름,7,22.3,2007
2007-07-18,2007 여름,7,25.55,2007
2007-07-19,2007 여름,7,24.35,2007
2007-07-20,2007 여름,7,25.95,2007
2007-07-21,2007 여름,7,23.88,2007
2007-07-22,2007 여름,7,24.58,2007
2007-07-23,2007 여름,7,25.3,2007
2007-07-24,2007 여름,7,23.63,2007
2007-07-25,2007 여름,7,24.48,2007
2007-07-26,2007 여름,7,26.47,2007
2007-07-27,2007 여름,7,29.25,2007
2007-07-28,2007 여름,7,25.13,2007
2007-07-29,2007 여름,7,24.67,2007
2007-07-30,2007 여름,7,26.24,2007
2007-07-31,2007 여름,7,26.28,2007
2007-08-01,2007 여름,8,29.66,2007
2007-08-02,2007 여름,8,31.3,2007
2007-08-03,2007 여름,8,30.48,2007
2007-08-04,2007 여름,8,24.69,2007
2007-08-05,2007 여름,8,24.73,2007
2007-08-06,2007 여름,8,25.73,2007
2007-08-07,2007 여름,8,23.76,2007
2007-08-08,2007 여름,8,25.14,2007
2007-08-09,2007 여름,8,25.92,2007
2007-08-10,2007 여름,8,31.12,2007
2007-08-11,2007 여름,8,31.64,2007
2007-08-12,2007 여름,8,26.44,2007
2007-08-13,2007 여름,8,30.49,2007
2007-08-14,2007 여름,8,25.95,2007
2007-08-15,2007 여름,8,26.29,2007
2007-08-16,2007 여름,8,30.12,2007
2007-08-17,2007 여름,8,30.32,2007
2007-08-18,2007 여름,8,29.09,2007
2007-08-19,2007 여름,8,29.56,2007
2007-08-20,2007 여름,8,29.32,2007
2007-08-21,2007 여름,8,30.49,2007
2007-08-22,2007 여름,8,29.97,2007
2007-08-23,2007 여름,8,28.13,2007
2007-08-24,2007 여름,8,28.64,2007
2007-08-25,2007 여름,8,31.37,2007
2007-08-26,2007 여름,8,30.91,2007
2007-08-27,2007 여름,8,29.79,2007
2007-08-28,2007 여름,8,28.38,2007
2007-08-29,2007 여름,8,23.58,2007
2007-08-30,2007 여름,8,23.1,2007
2007-08-31,2007 여름,8,23.62,2007
2008-06-01,2008 여름,6,21.25,2008
2008-06-02,2008 여름,6,19.25,2008
2008-06-03,2008 여름,6,18.68,2008
2008-06-04,2008 여름,6,16.97,2008
2008-06-05,2008 여름,6,14.96,2008
2008-06-06,2008 여름,6,16.6,2008
2008-06-07,2008 여름,6,18.86,2008
2008-06-08,2008 여름,6,18.96,2008
2008-06-09,2008 여름,6,20.74,2008
2008-06-10,2008 여름,6,22.7,2008
2008-06-11,2008 여름,6,24.4,2008
2008-06-12,2008 여름,6,23.68,2008
2008-06-13,2008 여름,6,21.48,2008
2008-06-14,2008 여름,6,23.88,2008
2008-06-15,2008 여름,6,22.6,2008
2008-06-16,2008 여름,6,22.51,2008
2008-06-17,2008 여름,6,22.98,2008
2008-06-18,2008 여름,6,19.52,2008
2008-06-19,2008 여름,6,20.16,2008
2008-06-20,2008 여름,6,23.96,2008
2008-06-21,2008 여름,6,24.47,2008
2008-06-22,2008 여름,6,22.76,2008
2008-06-23,2008 여름,6,22.7,2008
2008-06-24,2008 여름,6,23.35,2008
2008-06-25,2008 여름,6,23.62,2008
2008-06-26,2008 여름,6,23.46,2008
2008-06-27,2008 여름,6,23.43,2008
2008-06-28,2008 여름,6,22.9,2008
2008-06-29,2008 여름,6,22.19,2008
2008-06-30,2008 여름,6,22.44,2008
2008-07-01,2008 여름,7,24.53,2008
2008-07-02,2008 여름,7,22.64,2008
2008-07-03,2008 여름,7,21.95,2008
2008-07-04,2008 여름,7,24.11,2008
2008-07-05,2008 여름,7,24.4,2008
2008-07-06,2008 여름,7,25.63,2008
2008-07-07,2008 여름,7,24.64,2008
2008-07-08,2008 여름,7,29.99,2008
2008-07-09,2008 여름,7,29.57,2008
2008-07-10,2008 여름,7,26.35,2008
2008-07-11,2008 여름,7,28.28,2008
2008-07-12,2008 여름,7,24.5,2008
2008-07-13,2008 여름,7,25.84,2008
2008-07-14,2008 여름,7,28.98,2008
2008-07-15,2008 여름,7,30.49,2008
2008-07-16,2008 여름,7,25.08,2008
2008-07-17,2008 여름,7,25.17,2008
2008-07-18,2008 여름,7,26.05,2008
2008-07-19,2008 여름,7,23.98,2008
2008-07-20,2008 여름,7,24.57,2008
2008-07-21,2008 여름,7,23.02,2008
2008-07-22,2008 여름,7,24.53,2008
2008-07-23,2008 여름,7,24.03,2008
2008-07-24,2008 여름,7,22.37,2008
2008-07-25,2008 여름,7,23.34,2008
2008-07-26,2008 여름,7,22.1,2008
2008-07-27,2008 여름,7,24.95,2008
2008-07-28,2008 여름,7,28.79,2008
2008-07-29,2008 여름,7,30.5,2008
2008-07-30,2008 여름,7,26.16,2008
2008-07-31,2008 여름,7,26.53,2008
2008-08-01,2008 여름,8,30.35,2008
2008-08-02,2008 여름,8,26.03,2008
2008-08-03,2008 여름,8,25.51,2008
2008-08-04,2008 여름,8,25.32,2008
2008-08-05,2008 여름,8,26.22,2008
2008-08-06,2008 여름,8,29.63,2008
2008-08-07,2008 여름,8,30.4,2008
2008-08-08,2008 여름,8,31.97,2008
2008-08-09,2008 여름,8,30.76,2008
2008-08-10,2008 여름,8,32.87,2008
2008-08-11,2008 여름,8,31.02,2008
2008-08-12,2008 여름,8,25.41,2008
2008-08-13,2008 여름,8,29.7,2008
2008-08-14,2008 여름,8,29.76,2008
2008-08-15,2008 여름,8,25.9,2008
2008-08-16,2008 여름,8,21.67,2008
2008-08-17,2008 여름,8,23.93,2008
2008-08-18,2008 여름,8,23.03,2008
2008-08-19,2008 여름,8,23.91,2008
2008-08-20,2008 여름,8,23.02,2008
2008-08-21,2008 여름,8,23.32,2008
2008-08-22,2008 여름,8,18.22,2008
2008-08-23,2008 여름,8,21.36,2008
2008-08-24,2008 여름,8,23.43,2008
2008-08-25,2008 여름,8,24.32,2008
2008-08-26,2008 여름,8,24.15,2008
2008-08-27,2008 여름,8,23.77,2008
2008-08-28,2008 여름,8,24.49,2008
2008-08-29,2008 여름,8,25.18,2008
2008-08-30,2008 여름,8,25.69,2008
2008-08-31,2008 여름,8,25.09,2008
2009-06-01,2009 여름,6,21.44,2009
2009-06-02,2009 여름,6,22.03,2009
2009-06-03,2009 여름,6,19.29,2009
2009-06-04,2009 여름,6,21.08,2009
2009-06-05,2009 여름,6,22.22,2009
2009-06-06,2009 여름,6,22.22,2009
2009-06-07,2009 여름,6,19.28,2009
2009-06-08,2009 여름,6,20.7,2009
2009-06-09,2009 여름,6,19.78,2009
2009-06-10,2009 여름,6,18.87,2009
2009-06-11,2009 여름,6,20.9,2009
2009-06-12,2009 여름,6,19.57,2009
2009-06-13,2009 여름,6,19.96,2009
2009-06-14,2009 여름,6,20.54,2009
2009-06-15,2009 여름,6,21.55,2009
2009-06-16,2009 여름,6,21.71,2009
2009-06-17,2009 여름,6,21.18,2009
2009-06-18,2009 여름,6,24.68,2009
2009-06-19,2009 여름,6,25.07,2009
2009-06-20,2009 여름,6,22.8,2009
2009-06-21,2009 여름,6,25.12,2009
2009-06-22,2009 여름,6,22.99,2009
2009-06-23,2009 여름,6,23.18,2009
2009-06-24,2009 여름,6,24.44,2009
2009-06-25,2009 여름,6,24.91,2009
2009-06-26,2009 여름,6,24.42,2009
2009-06-27,2009 여름,6,25.82,2009
2009-06-28,2009 여름,6,25.96,2009
2009-06-29,2009 여름,6,26.18,2009
2009-06-30,2009 여름,6,24.65,2009
2009-07-01,2009 여름,7,23.5,2009
2009-07-02,2009 여름,7,20.85,2009
2009-07-03,2009 여름,7,22.27,2009
2009-07-04,2009 여름,7,22.86,2009
2009-07-05,2009 여름,7,24.44,2009
2009-07-06,2009 여름,7,24.98,2009
2009-07-07,2009 여름,7,24.91,2009
2009-07-08,2009 여름,7,26.14,2009
2009-07-09,2009 여름,7,22.33,2009
2009-07-10,2009 여름,7,23.68,2009
2009-07-11,2009 여름,7,24.6,2009
2009-07-12,2009 여름,7,20.8,2009
2009-07-13,2009 여름,7,23.1,2009
2009-07-14,2009 여름,7,23.12,2009
2009-07-15,2009 여름,7,22.82,2009
2009-07-16,2009 여름,7,26.49,2009
2009-07-17,2009 여름,7,25.06,2009
2009-07-18,2009 여름,7,25.31,2009
2009-07-19,2009 여름,7,24.4,2009
2009-07-20,2009 여름,7,25.45,2009
2009-07-21,2009 여름,7,25.51,2009
2009-07-22,2009 여름,7,25.16,2009
2009-07-23,2009 여름,7,25.33,2009
2009-07-24,2009 여름,7,25.01,2009
2009-07-25,2009 여름,7,22.51,2009
2009-07-26,2009 여름,7,24.39,2009
2009-07-27,2009 여름,7,24.82,2009
2009-07-28,2009 여름,7,24.62,2009
2009-07-29,2009 여름,7,25.44,2009
2009-07-30,2009 여름,7,26.53,2009
2009-07-31,2009 여름,7,28.33,2009
2009-08-01,2009 여름,8,25.56,2009
2009-08-02,2009 여름,8,25.74,2009
2009-08-03,2009 여름,8,25.12,2009
2009-08-04,2009 여름,8,28.24,2009
2009-08-05,2009 여름,8,28.22,2009
2009-08-06,2009 여름,8,27.76,2009
2009-08-07,2009 여름,8,25.59,2009
2009-08-08,2009 여름,8,26.48,2009
2009-08-09,2009 여름,8,31.18,2009
2009-08-10,2009 여름,8,29,2009
2009-08-11,2009 여름,8,24.14,2009
2009-08-12,2009 여름,8,23.3,2009
2009-08-13,2009 여름,8,26.2,2009
2009-08-14,2009 여름,8,29.33,2009
2009-08-15,2009 여름,8,29.49,2009
2009-08-16,2009 여름,8,30.56,2009
2009-08-17,2009 여름,8,27.96,2009
2009-08-18,2009 여름,8,29.75,2009
2009-08-19,2009 여름,8,30.57,2009
2009-08-20,2009 여름,8,26.43,2009
2009-08-21,2009 여름,8,25.01,2009
2009-08-22,2009 여름,8,25.23,2009
2009-08-23,2009 여름,8,25.83,2009
2009-08-24,2009 여름,8,25.68,2009
2009-08-25,2009 여름,8,24.53,2009
2009-08-26,2009 여름,8,23.95,2009
2009-08-27,2009 여름,8,24.16,2009
2009-08-28,2009 여름,8,24.39,2009
2009-08-29,2009 여름,8,22.09,2009
2009-08-30,2009 여름,8,20.55,2009
2009-08-31,2009 여름,8,22.39,2009
2010-06-01,2010 여름,6,18.98,2010
2010-06-02,2010 여름,6,20.78,2010
2010-06-03,2010 여름,6,21.18,2010
2010-06-04,2010 여름,6,22.2,2010
2010-06-05,2010 여름,6,23.23,2010
2010-06-06,2010 여름,6,24.85,2010
2010-06-07,2010 여름,6,25.58,2010
2010-06-08,2010 여름,6,25.68,2010
2010-06-09,2010 여름,6,26.08,2010
2010-06-10,2010 여름,6,26.98,2010
2010-06-11,2010 여름,6,25.72,2010
2010-06-12,2010 여름,6,18.06,2010
2010-06-13,2010 여름,6,21.68,2010
2010-06-14,2010 여름,6,22.76,2010
2010-06-15,2010 여름,6,24.54,2010
2010-06-16,2010 여름,6,22.33,2010
2010-06-17,2010 여름,6,23.8,2010
2010-06-18,2010 여름,6,26.14,2010
2010-06-19,2010 여름,6,23.12,2010
2010-06-20,2010 여름,6,23.05,2010
2010-06-21,2010 여름,6,22.1,2010
2010-06-22,2010 여름,6,21.81,2010
2010-06-23,2010 여름,6,22.86,2010
2010-06-24,2010 여름,6,24.25,2010
2010-06-25,2010 여름,6,26.54,2010
2010-06-26,2010 여름,6,25.16,2010
2010-06-27,2010 여름,6,21.82,2010
2010-06-28,2010 여름,6,24.44,2010
2010-06-29,2010 여름,6,23.92,2010
2010-06-30,2010 여름,6,22.92,2010
2010-07-01,2010 여름,7,25.89,2010
2010-07-02,2010 여름,7,25.07,2010
2010-07-03,2010 여름,7,24.07,2010
2010-07-04,2010 여름,7,26.44,2010
2010-07-05,2010 여름,7,26.16,2010
2010-07-06,2010 여름,7,25.85,2010
2010-07-07,2010 여름,7,25.51,2010
2010-07-08,2010 여름,7,24.76,2010
2010-07-09,2010 여름,7,24.69,2010
2010-07-10,2010 여름,7,25.39,2010
2010-07-11,2010 여름,7,23.99,2010
2010-07-12,2010 여름,7,24.97,2010
2010-07-13,2010 여름,7,26.04,2010
2010-07-14,2010 여름,7,24.88,2010
2010-07-15,2010 여름,7,25.91,2010
2010-07-16,2010 여름,7,23.8,2010
2010-07-17,2010 여름,7,23.03,2010
2010-07-18,2010 여름,7,25.82,2010
2010-07-19,2010 여름,7,26.63,2010
2010-07-20,2010 여름,7,30.45,2010
2010-07-21,2010 여름,7,30.45,2010
2010-07-22,2010 여름,7,29.48,2010
2010-07-23,2010 여름,7,24.57,2010
2010-07-24,2010 여름,7,25.57,2010
2010-07-25,2010 여름,7,26.08,2010
2010-07-26,2010 여름,7,25.42,2010
2010-07-27,2010 여름,7,28.9,2010
2010-07-28,2010 여름,7,28.73,2010
2010-07-29,2010 여름,7,29.08,2010
2010-07-30,2010 여름,7,29.11,2010
2010-07-31,2010 여름,7,29.39,2010
2010-08-01,2010 여름,8,30.64,2010
2010-08-02,2010 여름,8,30.28,2010
2010-08-03,2010 여름,8,28.83,2010
2010-08-04,2010 여름,8,30.73,2010
2010-08-05,2010 여름,8,34.15,2010
2010-08-06,2010 여름,8,32.42,2010
2010-08-07,2010 여름,8,26.19,2010
2010-08-08,2010 여름,8,29.58,2010
2010-08-09,2010 여름,8,30.57,2010
2010-08-10,2010 여름,8,29.16,2010
2010-08-11,2010 여름,8,31.52,2010
2010-08-12,2010 여름,8,24.13,2010
2010-08-13,2010 여름,8,25.5,2010
2010-08-14,2010 여름,8,29.66,2010
2010-08-15,2010 여름,8,29.19,2010
2010-08-16,2010 여름,8,25.08,2010
2010-08-17,2010 여름,8,26.17,2010
2010-08-18,2010 여름,8,26,2010
2010-08-19,2010 여름,8,31.84,2010
2010-08-20,2010 여름,8,32,2010
2010-08-21,2010 여름,8,31.5,2010
2010-08-22,2010 여름,8,31.97,2010
2010-08-23,2010 여름,8,29.52,2010
2010-08-24,2010 여름,8,23.88,2010
2010-08-25,2010 여름,8,21.63,2010
2010-08-26,2010 여름,8,23.84,2010
2010-08-27,2010 여름,8,25.8,2010
2010-08-28,2010 여름,8,25.41,2010
2010-08-29,2010 여름,8,23.82,2010
2010-08-30,2010 여름,8,25.85,2010
2010-08-31,2010 여름,8,24.93,2010
2011-06-01,2011 여름,6,17.73,2011
2011-06-02,2011 여름,6,19.02,2011
2011-06-03,2011 여름,6,18.88,2011
2011-06-04,2011 여름,6,18.74,2011
2011-06-05,2011 여름,6,20.36,2011
2011-06-06,2011 여름,6,20.8,2011
2011-06-07,2011 여름,6,20.89,2011
2011-06-08,2011 여름,6,21.97,2011
2011-06-09,2011 여름,6,19.48,2011
2011-06-10,2011 여름,6,21.19,2011
2011-06-11,2011 여름,6,24.01,2011
2011-06-12,2011 여름,6,23.3,2011
2011-06-13,2011 여름,6,21.13,2011
2011-06-14,2011 여름,6,22.56,2011
2011-06-15,2011 여름,6,24.99,2011
2011-06-16,2011 여름,6,26.13,2011
2011-06-17,2011 여름,6,25.28,2011
2011-06-18,2011 여름,6,24.52,2011
2011-06-19,2011 여름,6,26.4,2011
2011-06-20,2011 여름,6,27.34,2011
2011-06-21,2011 여름,6,24.09,2011
2011-06-22,2011 여름,6,22.72,2011
2011-06-23,2011 여름,6,21.99,2011
2011-06-24,2011 여름,6,19.98,2011
2011-06-25,2011 여름,6,18.37,2011
2011-06-26,2011 여름,6,18.88,2011
2011-06-27,2011 여름,6,19.39,2011
2011-06-28,2011 여름,6,23.61,2011
2011-06-29,2011 여름,6,21.1,2011
2011-06-30,2011 여름,6,23.71,2011
2011-07-01,2011 여름,7,25.1,2011
2011-07-02,2011 여름,7,24.64,2011
2011-07-03,2011 여름,7,22.92,2011
2011-07-04,2011 여름,7,22.43,2011
2011-07-05,2011 여름,7,24.18,2011
2011-07-06,2011 여름,7,25.34,2011
2011-07-07,2011 여름,7,23.19,2011
2011-07-08,2011 여름,7,22.29,2011
2011-07-09,2011 여름,7,23.53,2011
2011-07-10,2011 여름,7,24.43,2011
2011-07-11,2011 여름,7,21.23,2011
2011-07-12,2011 여름,7,22.62,2011
2011-07-13,2011 여름,7,24.22,2011
2011-07-14,2011 여름,7,23.59,2011
2011-07-15,2011 여름,7,23.61,2011
2011-07-16,2011 여름,7,22.66,2011
2011-07-17,2011 여름,7,25.05,2011
2011-07-18,2011 여름,7,30.94,2011
2011-07-19,2011 여름,7,29.63,2011
2011-07-20,2011 여름,7,28.14,2011
2011-07-21,2011 여름,7,27.43,2011
2011-07-22,2011 여름,7,24.26,2011
2011-07-23,2011 여름,7,25.5,2011
2011-07-24,2011 여름,7,24.89,2011
2011-07-25,2011 여름,7,24.88,2011
2011-07-26,2011 여름,7,25,2011
2011-07-27,2011 여름,7,23.72,2011
2011-07-28,2011 여름,7,24.51,2011
2011-07-29,2011 여름,7,26.1,2011
2011-07-30,2011 여름,7,29.43,2011
2011-07-31,2011 여름,7,24.95,2011
2011-08-01,2011 여름,8,25.45,2011
2011-08-02,2011 여름,8,26.2,2011
2011-08-03,2011 여름,8,25.45,2011
2011-08-04,2011 여름,8,25.36,2011
2011-08-05,2011 여름,8,31.7,2011
2011-08-06,2011 여름,8,31.26,2011
2011-08-07,2011 여름,8,31.27,2011
2011-08-08,2011 여름,8,24.82,2011
2011-08-09,2011 여름,8,25.97,2011
2011-08-10,2011 여름,8,25.66,2011
2011-08-11,2011 여름,8,26.61,2011
2011-08-12,2011 여름,8,25.4,2011
2011-08-13,2011 여름,8,25.19,2011
2011-08-14,2011 여름,8,24.95,2011
2011-08-15,2011 여름,8,24.49,2011
2011-08-16,2011 여름,8,24.98,2011
2011-08-17,2011 여름,8,23.85,2011
2011-08-18,2011 여름,8,24.98,2011
2011-08-19,2011 여름,8,24.51,2011
2011-08-20,2011 여름,8,23.36,2011
2011-08-21,2011 여름,8,24.18,2011
2011-08-22,2011 여름,8,23.85,2011
2011-08-23,2011 여름,8,24.03,2011
2011-08-24,2011 여름,8,24.73,2011
2011-08-25,2011 여름,8,25.62,2011
2011-08-26,2011 여름,8,26.49,2011
2011-08-27,2011 여름,8,28.74,2011
2011-08-28,2011 여름,8,29.18,2011
2011-08-29,2011 여름,8,28.85,2011
2011-08-30,2011 여름,8,29.05,2011
2011-08-31,2011 여름,8,29.5,2011
2012-06-01,2012 여름,6,21.18,2012
2012-06-02,2012 여름,6,22.97,2012
2012-06-03,2012 여름,6,23.4,2012
2012-06-04,2012 여름,6,23.59,2012
2012-06-05,2012 여름,6,22.67,2012
2012-06-06,2012 여름,6,23.1,2012
2012-06-07,2012 여름,6,23.05,2012
2012-06-08,2012 여름,6,22.4,2012
2012-06-09,2012 여름,6,23.85,2012
2012-06-10,2012 여름,6,23.83,2012
2012-06-11,2012 여름,6,23.33,2012
2012-06-12,2012 여름,6,22.88,2012
2012-06-13,2012 여름,6,22.88,2012
2012-06-14,2012 여름,6,24.75,2012
2012-06-15,2012 여름,6,23.76,2012
2012-06-16,2012 여름,6,23.78,2012
2012-06-17,2012 여름,6,23.56,2012
2012-06-18,2012 여름,6,24.69,2012
2012-06-19,2012 여름,6,26.11,2012
2012-06-20,2012 여름,6,25.56,2012
2012-06-21,2012 여름,6,25.68,2012
2012-06-22,2012 여름,6,24.36,2012
2012-06-23,2012 여름,6,26.09,2012
2012-06-24,2012 여름,6,28.1,2012
2012-06-25,2012 여름,6,26.67,2012
2012-06-26,2012 여름,6,24.65,2012
2012-06-27,2012 여름,6,24.57,2012
2012-06-28,2012 여름,6,25.26,2012
2012-06-29,2012 여름,6,26.25,2012
2012-06-30,2012 여름,6,22.06,2012
2012-07-01,2012 여름,7,21.4,2012
2012-07-02,2012 여름,7,23.98,2012
2012-07-03,2012 여름,7,22.75,2012
2012-07-04,2012 여름,7,24.22,2012
2012-07-05,2012 여름,7,22.88,2012
2012-07-06,2012 여름,7,20.96,2012
2012-07-07,2012 여름,7,24.45,2012
2012-07-08,2012 여름,7,25.79,2012
2012-07-09,2012 여름,7,26.09,2012
2012-07-10,2012 여름,7,26.35,2012
2012-07-11,2012 여름,7,23.39,2012
2012-07-12,2012 여름,7,24.36,2012
2012-07-13,2012 여름,7,26.11,2012
2012-07-14,2012 여름,7,23.25,2012
2012-07-15,2012 여름,7,19.78,2012
2012-07-16,2012 여름,7,21.65,2012
2012-07-17,2012 여름,7,25.14,2012
2012-07-18,2012 여름,7,26.09,2012
2012-07-19,2012 여름,7,23.99,2012
2012-07-20,2012 여름,7,25.35,2012
2012-07-21,2012 여름,7,29.34,2012
2012-07-22,2012 여름,7,29.41,2012
2012-07-23,2012 여름,7,30.42,2012
2012-07-24,2012 여름,7,30.83,2012
2012-07-25,2012 여름,7,30.28,2012
2012-07-26,2012 여름,7,30.07,2012
2012-07-27,2012 여름,7,30.21,2012
2012-07-28,2012 여름,7,31.13,2012
2012-07-29,2012 여름,7,32.54,2012
2012-07-30,2012 여름,7,31.34,2012
2012-07-31,2012 여름,7,32.32,2012
2012-08-01,2012 여름,8,33.75,2012
2012-08-02,2012 여름,8,32.68,2012
2012-08-03,2012 여름,8,33.49,2012
2012-08-04,2012 여름,8,33.83,2012
2012-08-05,2012 여름,8,34.16,2012
2012-08-06,2012 여름,8,34.41,2012
2012-08-07,2012 여름,8,31.87,2012
2012-08-08,2012 여름,8,30.55,2012
2012-08-09,2012 여름,8,32.64,2012
2012-08-10,2012 여름,8,29.7,2012
2012-08-11,2012 여름,8,29.25,2012
2012-08-12,2012 여름,8,25.75,2012
2012-08-13,2012 여름,8,26.48,2012
2012-08-14,2012 여름,8,28.01,2012
2012-08-15,2012 여름,8,23.96,2012
2012-08-16,2012 여름,8,25.74,2012
2012-08-17,2012 여름,8,29.88,2012
2012-08-18,2012 여름,8,30.31,2012
2012-08-19,2012 여름,8,31.26,2012
2012-08-20,2012 여름,8,25.48,2012
2012-08-21,2012 여름,8,25.41,2012
2012-08-22,2012 여름,8,22.28,2012
2012-08-23,2012 여름,8,22.75,2012
2012-08-24,2012 여름,8,23.3,2012
2012-08-25,2012 여름,8,24.72,2012
2012-08-26,2012 여름,8,29.8,2012
2012-08-27,2012 여름,8,30.21,2012
2012-08-28,2012 여름,8,28.08,2012
2012-08-29,2012 여름,8,25.49,2012
2012-08-30,2012 여름,8,21.68,2012
2012-08-31,2012 여름,8,23.55,2012
2013-06-01,2013 여름,6,21.95,2013
2013-06-02,2013 여름,6,23.25,2013
2013-06-03,2013 여름,6,21.77,2013
2013-06-04,2013 여름,6,22.49,2013
2013-06-05,2013 여름,6,24.61,2013
2013-06-06,2013 여름,6,25.03,2013
2013-06-07,2013 여름,6,25.59,2013
2013-06-08,2013 여름,6,26.15,2013
2013-06-09,2013 여름,6,27.07,2013
2013-06-10,2013 여름,6,26.94,2013
2013-06-11,2013 여름,6,24.18,2013
2013-06-12,2013 여름,6,20.56,2013
2013-06-13,2013 여름,6,22.82,2013
2013-06-14,2013 여름,6,24.64,2013
2013-06-15,2013 여름,6,24.72,2013
2013-06-16,2013 여름,6,22.58,2013
2013-06-17,2013 여름,6,22.33,2013
2013-06-18,2013 여름,6,21.66,2013
2013-06-19,2013 여름,6,24.27,2013
2013-06-20,2013 여름,6,25.54,2013
2013-06-21,2013 여름,6,26.5,2013
2013-06-22,2013 여름,6,25.26,2013
2013-06-23,2013 여름,6,23.14,2013
2013-06-24,2013 여름,6,23.33,2013
2013-06-25,2013 여름,6,24.87,2013
2013-06-26,2013 여름,6,24.62,2013
2013-06-27,2013 여름,6,25.03,2013
2013-06-28,2013 여름,6,25.41,2013
2013-06-29,2013 여름,6,27.85,2013
2013-06-30,2013 여름,6,29.01,2013
2013-07-01,2013 여름,7,28.25,2013
2013-07-02,2013 여름,7,24.74,2013
2013-07-03,2013 여름,7,24.91,2013
2013-07-04,2013 여름,7,25.13,2013
2013-07-05,2013 여름,7,25.45,2013
2013-07-06,2013 여름,7,25.22,2013
2013-07-07,2013 여름,7,24.82,2013
2013-07-08,2013 여름,7,24.45,2013
2013-07-09,2013 여름,7,24.45,2013
2013-07-10,2013 여름,7,25.28,2013
2013-07-11,2013 여름,7,24.62,2013
2013-07-12,2013 여름,7,23.66,2013
2013-07-13,2013 여름,7,23.99,2013
2013-07-14,2013 여름,7,24.22,2013
2013-07-15,2013 여름,7,26.3,2013
2013-07-16,2013 여름,7,28.77,2013
2013-07-17,2013 여름,7,24.29,2013
2013-07-18,2013 여름,7,24.9,2013
2013-07-19,2013 여름,7,28.71,2013
2013-07-20,2013 여름,7,28.92,2013
2013-07-21,2013 여름,7,28.98,2013
2013-07-22,2013 여름,7,26.35,2013
2013-07-23,2013 여름,7,25.65,2013
2013-07-24,2013 여름,7,25,2013
2013-07-25,2013 여름,7,25.9,2013
2013-07-26,2013 여름,7,26.53,2013
2013-07-27,2013 여름,7,26.08,2013
2013-07-28,2013 여름,7,25.32,2013
2013-07-29,2013 여름,7,26.59,2013
2013-07-30,2013 여름,7,26.19,2013
2013-07-31,2013 여름,7,26.32,2013
2013-08-01,2013 여름,8,29.86,2013
2013-08-02,2013 여름,8,30.39,2013
2013-08-03,2013 여름,8,32.98,2013
2013-08-04,2013 여름,8,32.3,2013
2013-08-05,2013 여름,8,31.17,2013
2013-08-06,2013 여름,8,26.57,2013
2013-08-07,2013 여름,8,32.11,2013
2013-08-08,2013 여름,8,33.98,2013
2013-08-09,2013 여름,8,34.85,2013
2013-08-10,2013 여름,8,32.98,2013
2013-08-11,2013 여름,8,31.99,2013
2013-08-12,2013 여름,8,33.52,2013
2013-08-13,2013 여름,8,32.21,2013
2013-08-14,2013 여름,8,31.45,2013
2013-08-15,2013 여름,8,32.2,2013
2013-08-16,2013 여름,8,32.5,2013
2013-08-17,2013 여름,8,32.19,2013
2013-08-18,2013 여름,8,32.04,2013
2013-08-19,2013 여름,8,31.11,2013
2013-08-20,2013 여름,8,28.89,2013
2013-08-21,2013 여름,8,29.57,2013
2013-08-22,2013 여름,8,31.15,2013
2013-08-23,2013 여름,8,26.07,2013
2013-08-24,2013 여름,8,26.49,2013
2013-08-25,2013 여름,8,27.61,2013
2013-08-26,2013 여름,8,27.66,2013
2013-08-27,2013 여름,8,25.71,2013
2013-08-28,2013 여름,8,26.23,2013
2013-08-29,2013 여름,8,25.55,2013
2013-08-30,2013 여름,8,25.25,2013
2013-08-31,2013 여름,8,23.87,2013
2014-06-01,2014 여름,6,24.76,2014
2014-06-02,2014 여름,6,22.7,2014
2014-06-03,2014 여름,6,18.96,2014
2014-06-04,2014 여름,6,22.75,2014
2014-06-05,2014 여름,6,22.82,2014
2014-06-06,2014 여름,6,24.4,2014
2014-06-07,2014 여름,6,23.44,2014
2014-06-08,2014 여름,6,21.51,2014
2014-06-09,2014 여름,6,22.65,2014
2014-06-10,2014 여름,6,23.63,2014
2014-06-11,2014 여름,6,20.52,2014
2014-06-12,2014 여름,6,21.08,2014
2014-06-13,2014 여름,6,21.21,2014
2014-06-14,2014 여름,6,22.41,2014
2014-06-15,2014 여름,6,23.16,2014
2014-06-16,2014 여름,6,23.78,2014
2014-06-17,2014 여름,6,24.78,2014
2014-06-18,2014 여름,6,24.36,2014
2014-06-19,2014 여름,6,22.6,2014
2014-06-20,2014 여름,6,24.05,2014
2014-06-21,2014 여름,6,23.31,2014
2014-06-22,2014 여름,6,23.6,2014
2014-06-23,2014 여름,6,20.9,2014
2014-06-24,2014 여름,6,22.78,2014
2014-06-25,2014 여름,6,23.72,2014
2014-06-26,2014 여름,6,24.32,2014
2014-06-27,2014 여름,6,24.16,2014
2014-06-28,2014 여름,6,23.84,2014
2014-06-29,2014 여름,6,24.14,2014
2014-06-30,2014 여름,6,25.27,2014
2014-07-01,2014 여름,7,25.95,2014
2014-07-02,2014 여름,7,25.79,2014
2014-07-03,2014 여름,7,22.55,2014
2014-07-04,2014 여름,7,26.6,2014
2014-07-05,2014 여름,7,25.88,2014
2014-07-06,2014 여름,7,25.68,2014
2014-07-07,2014 여름,7,28.13,2014
2014-07-08,2014 여름,7,25.9,2014
2014-07-09,2014 여름,7,31,2014
2014-07-10,2014 여름,7,30.62,2014
2014-07-11,2014 여름,7,28.39,2014
2014-07-12,2014 여름,7,25.43,2014
2014-07-13,2014 여름,7,25.33,2014
2014-07-14,2014 여름,7,26.28,2014
2014-07-15,2014 여름,7,28.54,2014
2014-07-16,2014 여름,7,26.63,2014
2014-07-17,2014 여름,7,25.93,2014
2014-07-18,2014 여름,7,26.08,2014
2014-07-19,2014 여름,7,29.85,2014
2014-07-20,2014 여름,7,31.2,2014
2014-07-21,2014 여름,7,29.98,2014
2014-07-22,2014 여름,7,25.92,2014
2014-07-23,2014 여름,7,23.96,2014
2014-07-24,2014 여름,7,21.7,2014
2014-07-25,2014 여름,7,30.45,2014
2014-07-26,2014 여름,7,23.16,2014
2014-07-27,2014 여름,7,24.95,2014
2014-07-28,2014 여름,7,26.44,2014
2014-07-29,2014 여름,7,26.56,2014
2014-07-30,2014 여름,7,31.69,2014
2014-07-31,2014 여름,7,33.15,2014
2014-08-01,2014 여름,8,33.66,2014
2014-08-02,2014 여름,8,34.26,2014
2014-08-03,2014 여름,8,26.65,2014
2014-08-04,2014 여름,8,26.47,2014
2014-08-05,2014 여름,8,29.67,2014
2014-08-06,2014 여름,8,24.68,2014
2014-08-07,2014 여름,8,24.61,2014
2014-08-08,2014 여름,8,26.11,2014
2014-08-09,2014 여름,8,26.44,2014
2014-08-10,2014 여름,8,23.87,2014
2014-08-11,2014 여름,8,23.32,2014
2014-08-12,2014 여름,8,25.77,2014
2014-08-13,2014 여름,8,24.32,2014
2014-08-14,2014 여름,8,22.34,2014
2014-08-15,2014 여름,8,24.68,2014
2014-08-16,2014 여름,8,26.07,2014
2014-08-17,2014 여름,8,24.2,2014
2014-08-18,2014 여름,8,22.37,2014
2014-08-19,2014 여름,8,22.17,2014
2014-08-20,2014 여름,8,24.64,2014
2014-08-21,2014 여름,8,23.29,2014
2014-08-22,2014 여름,8,24.56,2014
2014-08-23,2014 여름,8,25.25,2014
2014-08-24,2014 여름,8,25.36,2014
2014-08-25,2014 여름,8,25.84,2014
2014-08-26,2014 여름,8,25.7,2014
2014-08-27,2014 여름,8,24.51,2014
2014-08-28,2014 여름,8,25.03,2014
2014-08-29,2014 여름,8,25.11,2014
2014-08-30,2014 여름,8,24.51,2014
2014-08-31,2014 여름,8,24.07,2014
2015-06-01,2015 여름,6,21.76,2015
2015-06-02,2015 여름,6,23.04,2015
2015-06-03,2015 여름,6,23.09,2015
2015-06-04,2015 여름,6,24.19,2015
2015-06-05,2015 여름,6,19.53,2015
2015-06-06,2015 여름,6,22.21,2015
2015-06-07,2015 여름,6,23.46,2015
2015-06-08,2015 여름,6,22.43,2015
2015-06-09,2015 여름,6,22.23,2015
2015-06-10,2015 여름,6,25.03,2015
2015-06-11,2015 여름,6,24.72,2015
2015-06-12,2015 여름,6,23.68,2015
2015-06-13,2015 여름,6,24.53,2015
2015-06-14,2015 여름,6,23.05,2015
2015-06-15,2015 여름,6,24.17,2015
2015-06-16,2015 여름,6,24.98,2015
2015-06-17,2015 여름,6,23.82,2015
2015-06-18,2015 여름,6,24.51,2015
2015-06-19,2015 여름,6,24.63,2015
2015-06-20,2015 여름,6,20.07,2015
2015-06-21,2015 여름,6,22.06,2015
2015-06-22,2015 여름,6,23.86,2015
2015-06-23,2015 여름,6,24.59,2015
2015-06-24,2015 여름,6,25.68,2015
2015-06-25,2015 여름,6,24.95,2015
2015-06-26,2015 여름,6,21.07,2015
2015-06-27,2015 여름,6,25.05,2015
2015-06-28,2015 여름,6,25.53,2015
2015-06-29,2015 여름,6,25.56,2015
2015-06-30,2015 여름,6,24.47,2015
2015-07-01,2015 여름,7,23.77,2015
2015-07-02,2015 여름,7,23.88,2015
2015-07-03,2015 여름,7,23.3,2015
2015-07-04,2015 여름,7,23.98,2015
2015-07-05,2015 여름,7,24.34,2015
2015-07-06,2015 여름,7,25.34,2015
2015-07-07,2015 여름,7,25.43,2015
2015-07-08,2015 여름,7,23.57,2015
2015-07-09,2015 여름,7,26.36,2015
2015-07-10,2015 여름,7,31.09,2015
2015-07-11,2015 여름,7,33.76,2015
2015-07-12,2015 여름,7,25.08,2015
2015-07-13,2015 여름,7,23.26,2015
2015-07-14,2015 여름,7,25.98,2015
2015-07-15,2015 여름,7,29.43,2015
2015-07-16,2015 여름,7,24.99,2015
2015-07-17,2015 여름,7,23.51,2015
2015-07-18,2015 여름,7,24.24,2015
2015-07-19,2015 여름,7,24.93,2015
2015-07-20,2015 여름,7,29.47,2015
2015-07-21,2015 여름,7,30.12,2015
2015-07-22,2015 여름,7,31.13,2015
2015-07-23,2015 여름,7,29.68,2015
2015-07-24,2015 여름,7,24.69,2015
2015-07-25,2015 여름,7,24.98,2015
2015-07-26,2015 여름,7,25.93,2015
2015-07-27,2015 여름,7,26.13,2015
2015-07-28,2015 여름,7,30.36,2015
2015-07-29,2015 여름,7,26.62,2015
2015-07-30,2015 여름,7,32.83,2015
2015-07-31,2015 여름,7,31.32,2015
2015-08-01,2015 여름,8,31.13,2015
2015-08-02,2015 여름,8,29.39,2015
2015-08-03,2015 여름,8,30.6,2015
2015-08-04,2015 여름,8,29.94,2015
2015-08-05,2015 여름,8,31.26,2015
2015-08-06,2015 여름,8,32.17,2015
2015-08-07,2015 여름,8,32.35,2015
2015-08-08,2015 여름,8,29.3,2015
2015-08-09,2015 여름,8,28.71,2015
2015-08-10,2015 여름,8,29.08,2015
2015-08-11,2015 여름,8,28.78,2015
2015-08-12,2015 여름,8,28.83,2015
2015-08-13,2015 여름,8,28.2,2015
2015-08-14,2015 여름,8,28.26,2015
2015-08-15,2015 여름,8,29,2015
2015-08-16,2015 여름,8,25.98,2015
2015-08-17,2015 여름,8,26.11,2015
2015-08-18,2015 여름,8,28.94,2015
2015-08-19,2015 여름,8,28.48,2015
2015-08-20,2015 여름,8,25.68,2015
2015-08-21,2015 여름,8,25.26,2015
2015-08-22,2015 여름,8,25.66,2015
2015-08-23,2015 여름,8,26.18,2015
2015-08-24,2015 여름,8,26.43,2015
2015-08-25,2015 여름,8,22.16,2015
2015-08-26,2015 여름,8,21.8,2015
2015-08-27,2015 여름,8,24.84,2015
2015-08-28,2015 여름,8,23.43,2015
2015-08-29,2015 여름,8,24.21,2015
2015-08-30,2015 여름,8,25,2015
2015-08-31,2015 여름,8,25.81,2015
2016-06-01,2016 여름,6,23.16,2016
2016-06-02,2016 여름,6,23.28,2016
2016-06-03,2016 여름,6,22.23,2016
2016-06-04,2016 여름,6,21.25,2016
2016-06-05,2016 여름,6,24.3,2016
2016-06-06,2016 여름,6,23.52,2016
2016-06-07,2016 여름,6,21.89,2016
2016-06-08,2016 여름,6,22.08,2016
2016-06-09,2016 여름,6,23.86,2016
2016-06-10,2016 여름,6,24.73,2016
2016-06-11,2016 여름,6,23.43,2016
2016-06-12,2016 여름,6,23.68,2016
2016-06-13,2016 여름,6,23.47,2016
2016-06-14,2016 여름,6,23.8,2016
2016-06-15,2016 여름,6,20.94,2016
2016-06-16,2016 여름,6,21.03,2016
2016-06-17,2016 여름,6,23.48,2016
2016-06-18,2016 여름,6,24.55,2016
2016-06-19,2016 여름,6,24.02,2016
2016-06-20,2016 여름,6,24.65,2016
2016-06-21,2016 여름,6,26.06,2016
2016-06-22,2016 여름,6,24.61,2016
2016-06-23,2016 여름,6,24.33,2016
2016-06-24,2016 여름,6,23.28,2016
2016-06-25,2016 여름,6,22.77,2016
2016-06-26,2016 여름,6,24.36,2016
2016-06-27,2016 여름,6,24.35,2016
2016-06-28,2016 여름,6,24.73,2016
2016-06-29,2016 여름,6,25.29,2016
2016-06-30,2016 여름,6,24.53,2016
2016-07-01,2016 여름,7,24.07,2016
2016-07-02,2016 여름,7,23.58,2016
2016-07-03,2016 여름,7,23.53,2016
2016-07-04,2016 여름,7,21.89,2016
2016-07-05,2016 여름,7,22.95,2016
2016-07-06,2016 여름,7,22.87,2016
2016-07-07,2016 여름,7,23.83,2016
2016-07-08,2016 여름,7,28.64,2016
2016-07-09,2016 여름,7,29.55,2016
2016-07-10,2016 여름,7,29.59,2016
2016-07-11,2016 여름,7,31.04,2016
2016-07-12,2016 여름,7,26.36,2016
2016-07-13,2016 여름,7,26.32,2016
2016-07-14,2016 여름,7,29.46,2016
2016-07-15,2016 여름,7,26.59,2016
2016-07-16,2016 여름,7,20.93,2016
2016-07-17,2016 여름,7,21.72,2016
2016-07-18,2016 여름,7,24.22,2016
2016-07-19,2016 여름,7,28.26,2016
2016-07-20,2016 여름,7,30.54,2016
2016-07-21,2016 여름,7,30,2016
2016-07-22,2016 여름,7,31.82,2016
2016-07-23,2016 여름,7,32.31,2016
2016-07-24,2016 여름,7,31.67,2016
2016-07-25,2016 여름,7,32.45,2016
2016-07-26,2016 여름,7,31.29,2016
2016-07-27,2016 여름,7,30.71,2016
2016-07-28,2016 여름,7,31.07,2016
2016-07-29,2016 여름,7,26.03,2016
2016-07-30,2016 여름,7,32.49,2016
2016-07-31,2016 여름,7,32.99,2016
2016-08-01,2016 여름,8,31.85,2016
2016-08-02,2016 여름,8,29.8,2016
2016-08-03,2016 여름,8,31.46,2016
2016-08-04,2016 여름,8,34.05,2016
2016-08-05,2016 여름,8,35.02,2016
2016-08-06,2016 여름,8,35.33,2016
2016-08-07,2016 여름,8,32.98,2016
2016-08-08,2016 여름,8,34.58,2016
2016-08-09,2016 여름,8,32.92,2016
2016-08-10,2016 여름,8,33.04,2016
2016-08-11,2016 여름,8,34.45,2016
2016-08-12,2016 여름,8,35.41,2016
2016-08-13,2016 여름,8,34.9,2016
2016-08-14,2016 여름,8,33.87,2016
2016-08-15,2016 여름,8,32.3,2016
2016-08-16,2016 여름,8,31.98,2016
2016-08-17,2016 여름,8,32.53,2016
2016-08-18,2016 여름,8,32.74,2016
2016-08-19,2016 여름,8,32.98,2016
2016-08-20,2016 여름,8,32.66,2016
2016-08-21,2016 여름,8,33.66,2016
2016-08-22,2016 여름,8,33.96,2016
2016-08-23,2016 여름,8,31.16,2016
2016-08-24,2016 여름,8,31.12,2016
2016-08-25,2016 여름,8,29.37,2016
2016-08-26,2016 여름,8,23.32,2016
2016-08-27,2016 여름,8,23.19,2016
2016-08-28,2016 여름,8,21.22,2016
2016-08-29,2016 여름,8,21.98,2016
2016-08-30,2016 여름,8,20.8,2016
2016-08-31,2016 여름,8,17.7,2016
2017-06-01,2017 여름,6,23.38,2017
2017-06-02,2017 여름,6,20.6,2017
2017-06-03,2017 여름,6,20.57,2017
2017-06-04,2017 여름,6,21.63,2017
2017-06-05,2017 여름,6,23.89,2017
2017-06-06,2017 여름,6,20.05,2017
2017-06-07,2017 여름,6,17.53,2017
2017-06-08,2017 여름,6,19.9,2017
2017-06-09,2017 여름,6,20.96,2017
2017-06-10,2017 여름,6,21.6,2017
2017-06-11,2017 여름,6,22.58,2017
2017-06-12,2017 여름,6,22.25,2017
2017-06-13,2017 여름,6,21.47,2017
2017-06-14,2017 여름,6,21.8,2017
2017-06-15,2017 여름,6,22.94,2017
2017-06-16,2017 여름,6,25.35,2017
2017-06-17,2017 여름,6,24.29,2017
2017-06-18,2017 여름,6,24.27,2017
2017-06-19,2017 여름,6,24.69,2017
2017-06-20,2017 여름,6,25.78,2017
2017-06-21,2017 여름,6,25.63,2017
2017-06-22,2017 여름,6,25.2,2017
2017-06-23,2017 여름,6,27.36,2017
2017-06-24,2017 여름,6,24.74,2017
2017-06-25,2017 여름,6,23.66,2017
2017-06-26,2017 여름,6,23.12,2017
2017-06-27,2017 여름,6,24.98,2017
2017-06-28,2017 여름,6,25.87,2017
2017-06-29,2017 여름,6,26.2,2017
2017-06-30,2017 여름,6,25.87,2017
2017-07-01,2017 여름,7,25.17,2017
2017-07-02,2017 여름,7,24.71,2017
2017-07-03,2017 여름,7,24.43,2017
2017-07-04,2017 여름,7,28.69,2017
2017-07-05,2017 여름,7,29.07,2017
2017-07-06,2017 여름,7,30.23,2017
2017-07-07,2017 여름,7,26.33,2017
2017-07-08,2017 여름,7,25.97,2017
2017-07-09,2017 여름,7,26.43,2017
2017-07-10,2017 여름,7,24.12,2017
2017-07-11,2017 여름,7,25.75,2017
2017-07-12,2017 여름,7,29.82,2017
2017-07-13,2017 여름,7,29.67,2017
2017-07-14,2017 여름,7,31.63,2017
2017-07-15,2017 여름,7,25.18,2017
2017-07-16,2017 여름,7,25.99,2017
2017-07-17,2017 여름,7,29.33,2017
2017-07-18,2017 여름,7,26.42,2017
2017-07-19,2017 여름,7,31.34,2017
2017-07-20,2017 여름,7,33.79,2017
2017-07-21,2017 여름,7,34.99,2017
2017-07-22,2017 여름,7,34.81,2017
2017-07-23,2017 여름,7,31.14,2017
2017-07-24,2017 여름,7,26.3,2017
2017-07-25,2017 여름,7,32.53,2017
2017-07-26,2017 여름,7,29.84,2017
2017-07-27,2017 여름,7,28.43,2017
2017-07-28,2017 여름,7,25.45,2017
2017-07-29,2017 여름,7,29.37,2017
2017-07-30,2017 여름,7,29.71,2017
2017-07-31,2017 여름,7,25.92,2017
2017-08-01,2017 여름,8,31.66,2017
2017-08-02,2017 여름,8,35.42,2017
2017-08-03,2017 여름,8,33.53,2017
2017-08-04,2017 여름,8,33.24,2017
2017-08-05,2017 여름,8,36.52,2017
2017-08-06,2017 여름,8,35.26,2017
2017-08-07,2017 여름,8,32.88,2017
2017-08-08,2017 여름,8,30.48,2017
2017-08-09,2017 여름,8,29.83,2017
2017-08-10,2017 여름,8,24.84,2017
2017-08-11,2017 여름,8,28.92,2017
2017-08-12,2017 여름,8,28.98,2017
2017-08-13,2017 여름,8,26.4,2017
2017-08-14,2017 여름,8,24.63,2017
2017-08-15,2017 여름,8,22.13,2017
2017-08-16,2017 여름,8,23.13,2017
2017-08-17,2017 여름,8,24.49,2017
2017-08-18,2017 여름,8,26.3,2017
2017-08-19,2017 여름,8,25.99,2017
2017-08-20,2017 여름,8,23.31,2017
2017-08-21,2017 여름,8,25.69,2017
2017-08-22,2017 여름,8,29.21,2017
2017-08-23,2017 여름,8,30.01,2017
2017-08-24,2017 여름,8,29.55,2017
2017-08-25,2017 여름,8,25.49,2017
2017-08-26,2017 여름,8,24.18,2017
2017-08-27,2017 여름,8,22.6,2017
2017-08-28,2017 여름,8,21.92,2017
2017-08-29,2017 여름,8,19.63,2017
2017-08-30,2017 여름,8,19.54,2017
2017-08-31,2017 여름,8,22.04,2017
2018-06-01,2018 여름,6,23.71,2018
2018-06-02,2018 여름,6,23.51,2018
2018-06-03,2018 여름,6,23.71,2018
2018-06-04,2018 여름,6,22.88,2018
2018-06-05,2018 여름,6,23.57,2018
2018-06-06,2018 여름,6,23.09,2018
2018-06-07,2018 여름,6,22.3,2018
2018-06-08,2018 여름,6,21.74,2018
2018-06-09,2018 여름,6,23.68,2018
2018-06-10,2018 여름,6,21.3,2018
2018-06-11,2018 여름,6,20.56,2018
2018-06-12,2018 여름,6,21.18,2018
2018-06-13,2018 여름,6,21.98,2018
2018-06-14,2018 여름,6,21.65,2018
2018-06-15,2018 여름,6,21.86,2018
2018-06-16,2018 여름,6,22.3,2018
2018-06-17,2018 여름,6,22.73,2018
2018-06-18,2018 여름,6,24.8,2018
2018-06-19,2018 여름,6,22.59,2018
2018-06-20,2018 여름,6,22.7,2018
2018-06-21,2018 여름,6,23.64,2018
2018-06-22,2018 여름,6,24.69,2018
2018-06-23,2018 여름,6,24.57,2018
2018-06-24,2018 여름,6,25.15,2018
2018-06-25,2018 여름,6,27.64,2018
2018-06-26,2018 여름,6,22.9,2018
2018-06-27,2018 여름,6,22.19,2018
2018-06-28,2018 여름,6,23.39,2018
2018-06-29,2018 여름,6,24.66,2018
2018-06-30,2018 여름,6,24.35,2018
2018-07-01,2018 여름,7,22.03,2018
2018-07-02,2018 여름,7,22.44,2018
2018-07-03,2018 여름,7,29.56,2018
2018-07-04,2018 여름,7,29.59,2018
2018-07-05,2018 여름,7,25.39,2018
2018-07-06,2018 여름,7,24.06,2018
2018-07-07,2018 여름,7,23.76,2018
2018-07-08,2018 여름,7,23,2018
2018-07-09,2018 여름,7,21.02,2018
2018-07-10,2018 여름,7,23.34,2018
2018-07-11,2018 여름,7,26.62,2018
2018-07-12,2018 여름,7,29.36,2018
2018-07-13,2018 여름,7,29.69,2018
2018-07-14,2018 여름,7,30.52,2018
2018-07-15,2018 여름,7,31.18,2018
2018-07-16,2018 여름,7,31.22,2018
2018-07-17,2018 여름,7,30.23,2018
2018-07-18,2018 여름,7,30.46,2018
2018-07-19,2018 여름,7,30.9,2018
2018-07-20,2018 여름,7,32.34,2018
2018-07-21,2018 여름,7,32.85,2018
2018-07-22,2018 여름,7,33.76,2018
2018-07-23,2018 여름,7,34.33,2018
2018-07-24,2018 여름,7,35.38,2018
2018-07-25,2018 여름,7,34.56,2018
2018-07-26,2018 여름,7,34.77,2018
2018-07-27,2018 여름,7,36.81,2018
2018-07-28,2018 여름,7,36.14,2018
2018-07-29,2018 여름,7,33.79,2018
2018-07-30,2018 여름,7,33.65,2018
2018-07-31,2018 여름,7,35.25,2018
2018-08-01,2018 여름,8,39.08,2018
2018-08-02,2018 여름,8,38.99,2018
2018-08-03,2018 여름,8,38.68,2018
2018-08-04,2018 여름,8,35.02,2018
2018-08-05,2018 여름,8,35.4,2018
2018-08-06,2018 여름,8,37.36,2018
2018-08-07,2018 여름,8,34.41,2018
2018-08-08,2018 여름,8,36.18,2018
2018-08-09,2018 여름,8,33.85,2018
2018-08-10,2018 여름,8,34.36,2018
2018-08-11,2018 여름,8,33.84,2018
2018-08-12,2018 여름,8,34.11,2018
2018-08-13,2018 여름,8,35.55,2018
2018-08-14,2018 여름,8,35.58,2018
2018-08-15,2018 여름,8,35.98,2018
2018-08-16,2018 여름,8,31.82,2018
2018-08-17,2018 여름,8,26.92,2018
2018-08-18,2018 여름,8,26.55,2018
2018-08-19,2018 여름,8,28.35,2018
2018-08-20,2018 여름,8,30.35,2018
2018-08-21,2018 여름,8,28.49,2018
2018-08-22,2018 여름,8,32.59,2018
2018-08-23,2018 여름,8,31.78,2018
2018-08-24,2018 여름,8,24.63,2018
2018-08-25,2018 여름,8,25.22,2018
2018-08-26,2018 여름,8,23.31,2018
2018-08-27,2018 여름,8,22.43,2018
2018-08-28,2018 여름,8,23.82,2018
2018-08-29,2018 여름,8,25.01,2018
2018-08-30,2018 여름,8,25.45,2018
2018-08-31,2018 여름,8,25.56,2018
