date,Year,Month,windchill,year
1989-12-01,1989 겨울,12,-0.9,1989
1989-12-02,1989 겨울,12,5.1,1989
1989-12-03,1989 겨울,12,8.5,1989
1989-12-04,1989 겨울,12,6.2,1989
1989-12-05,1989 겨울,12,2.1,1989
1989-12-06,1989 겨울,12,2.2,1989
1989-12-07,1989 겨울,12,-1.8,1989
1989-12-08,1989 겨울,12,-5.4,1989
1989-12-09,1989 겨울,12,0.5,1989
1989-12-10,1989 겨울,12,1.3,1989
1989-12-11,1989 겨울,12,4.2,1989
1989-12-12,1989 겨울,12,0.9,1989
1989-12-13,1989 겨울,12,0.5,1989
1989-12-14,1989 겨울,12,-4.6,1989
1989-12-15,1989 겨울,12,0,1989
1989-12-16,1989 겨울,12,2.9,1989
1989-12-17,1989 겨울,12,3.8,1989
1989-12-18,1989 겨울,12,2.7,1989
1989-12-19,1989 겨울,12,4.1,1989
1989-12-20,1989 겨울,12,2,1989
1989-12-21,1989 겨울,12,0.8,1989
1989-12-22,1989 겨울,12,-1,1989
1989-12-23,1989 겨울,12,-0.8,1989
1989-12-24,1989 겨울,12,0.7,1989
1989-12-25,1989 겨울,12,1.9,1989
1989-12-26,1989 겨울,12,-8,1989
1989-12-27,1989 겨울,12,-7.9,1989
1989-12-28,1989 겨울,12,-4.6,1989
1989-12-29,1989 겨울,12,-3.5,1989
1989-12-30,1989 겨울,12,-8.1,1989
1989-12-31,1989 겨울,12,-5.9,1989
1990-01-01,1989 겨울,1,-3.4,1990
1990-01-02,1989 겨울,1,-6.3,1990
1990-01-03,1989 겨울,1,-7.4,1990
1990-01-04,1989 겨울,1,-4.2,1990
1990-01-05,1989 겨울,1,-1.3,1990
1990-01-06,1989 겨울,1,-7.1,1990
1990-01-07,1989 겨울,1,-4.3,1990
1990-01-08,1989 겨울,1,-1.9,1990
1990-01-09,1989 겨울,1,4.4,1990
1990-01-10,1989 겨울,1,2,1990
1990-01-11,1989 겨울,1,1.4,1990
1990-01-12,1989 겨울,1,-2.8,1990
1990-01-13,1989 겨울,1,-8.1,1990
1990-01-14,1989 겨울,1,-3.7,1990
1990-01-15,1989 겨울,1,-5.9,1990
1990-01-16,1989 겨울,1,-4.4,1990
1990-01-17,1989 겨울,1,-0.8,1990
1990-01-18,1989 겨울,1,-1.3,1990
1990-01-19,1989 겨울,1,-10.4,1990
1990-01-20,1989 겨울,1,-11.4,1990
1990-01-21,1989 겨울,1,-5.6,1990
1990-01-22,1989 겨울,1,-15.5,1990
1990-01-23,1989 겨울,1,-15.1,1990
1990-01-24,1989 겨울,1,-19.6,1990
1990-01-25,1989 겨울,1,-19.2,1990
1990-01-26,1989 겨울,1,-12.3,1990
1990-01-27,1989 겨울,1,-7.7,1990
1990-01-28,1989 겨울,1,-3.4,1990
1990-01-29,1989 겨울,1,0.3,1990
1990-01-30,1989 겨울,1,-1.2,1990
1990-01-31,1989 겨울,1,-3.1,1990
1990-02-01,1989 겨울,2,-3.7,1990
1990-02-02,1989 겨울,2,-2.9,1990
1990-02-03,1989 겨울,2,-3.2,1990
1990-02-04,1989 겨울,2,-1.9,1990
1990-02-05,1989 겨울,2,-1.7,1990
1990-02-06,1989 겨울,2,-2,1990
1990-02-07,1989 겨울,2,-1.5,1990
1990-02-08,1989 겨울,2,0.7,1990
1990-02-09,1989 겨울,2,3.3,1990
1990-02-10,1989 겨울,2,0.8,1990
1990-02-11,1989 겨울,2,-0.2,1990
1990-02-12,1989 겨울,2,-2.9,1990
1990-02-13,1989 겨울,2,-0.6,1990
1990-02-14,1989 겨울,2,4.4,1990
1990-02-15,1989 겨울,2,3.5,1990
1990-02-16,1989 겨울,2,4.9,1990
1990-02-17,1989 겨울,2,5.9,1990
1990-02-18,1989 겨울,2,4.5,1990
1990-02-19,1989 겨울,2,4,1990
1990-02-20,1989 겨울,2,1.3,1990
1990-02-21,1989 겨울,2,5.7,1990
1990-02-22,1989 겨울,2,5.8,1990
1990-02-23,1989 겨울,2,5.6,1990
1990-02-24,1989 겨울,2,4.5,1990
1990-02-25,1989 겨울,2,-2.8,1990
1990-02-26,1989 겨울,2,-2.2,1990
1990-02-27,1989 겨울,2,2.3,1990
1990-02-28,1989 겨울,2,5.7,1990
1990-12-01,1990 겨울,12,-3.4,1990
1990-12-02,1990 겨울,12,-8.5,1990
1990-12-03,1990 겨울,12,-3.1,1990
1990-12-04,1990 겨울,12,0.9,1990
1990-12-05,1990 겨울,12,5.6,1990
1990-12-06,1990 겨울,12,7.9,1990
1990-12-07,1990 겨울,12,10.2,1990
1990-12-08,1990 겨울,12,10.9,1990
1990-12-09,1990 겨울,12,10.1,1990
1990-12-10,1990 겨울,12,8,1990
1990-12-11,1990 겨울,12,-2.9,1990
1990-12-12,1990 겨울,12,-1.4,1990
1990-12-13,1990 겨울,12,0.1,1990
1990-12-14,1990 겨울,12,-1,1990
1990-12-15,1990 겨울,12,-4.9,1990
1990-12-16,1990 겨울,12,-1.9,1990
1990-12-17,1990 겨울,12,-1.6,1990
1990-12-18,1990 겨울,12,-2.5,1990
1990-12-19,1990 겨울,12,-1.4,1990
1990-12-20,1990 겨울,12,0.9,1990
1990-12-21,1990 겨울,12,3.2,1990
1990-12-22,1990 겨울,12,-3,1990
1990-12-23,1990 겨울,12,-8.4,1990
1990-12-24,1990 겨울,12,-5.3,1990
1990-12-25,1990 겨울,12,-4.3,1990
1990-12-26,1990 겨울,12,-16.7,1990
1990-12-27,1990 겨울,12,-10.7,1990
1990-12-28,1990 겨울,12,-7.6,1990
1990-12-29,1990 겨울,12,-5.3,1990
1990-12-30,1990 겨울,12,-3.6,1990
1990-12-31,1990 겨울,12,1.4,1990
1991-01-01,1990 겨울,1,-2,1991
1991-01-02,1990 겨울,1,-10,1991
1991-01-03,1990 겨울,1,-8.1,1991
1991-01-04,1990 겨울,1,-13.3,1991
1991-01-05,1990 겨울,1,-15.7,1991
1991-01-06,1990 겨울,1,-8.7,1991
1991-01-07,1990 겨울,1,-7.9,1991
1991-01-08,1990 겨울,1,-10.7,1991
1991-01-09,1990 겨울,1,-6.6,1991
1991-01-10,1990 겨울,1,-3.8,1991
1991-01-11,1990 겨울,1,-4.8,1991
1991-01-12,1990 겨울,1,-6.9,1991
1991-01-13,1990 겨울,1,-9.7,1991
1991-01-14,1990 겨울,1,-7.5,1991
1991-01-15,1990 겨울,1,-4.7,1991
1991-01-16,1990 겨울,1,-0.5,1991
1991-01-17,1990 겨울,1,-6.3,1991
1991-01-18,1990 겨울,1,-4.3,1991
1991-01-19,1990 겨울,1,-0.9,1991
1991-01-20,1990 겨울,1,2.3,1991
1991-01-21,1990 겨울,1,4,1991
1991-01-22,1990 겨울,1,1.3,1991
1991-01-23,1990 겨울,1,1.4,1991
1991-01-24,1990 겨울,1,-1.4,1991
1991-01-25,1990 겨울,1,-4.6,1991
1991-01-26,1990 겨울,1,-4.1,1991
1991-01-27,1990 겨울,1,-3.7,1991
1991-01-28,1990 겨울,1,-1.1,1991
1991-01-29,1990 겨울,1,-0.5,1991
1991-01-30,1990 겨울,1,-1.3,1991
1991-01-31,1990 겨울,1,-2.3,1991
1991-02-01,1990 겨울,2,-4.8,1991
1991-02-02,1990 겨울,2,-3.9,1991
1991-02-03,1990 겨울,2,-2.2,1991
1991-02-04,1990 겨울,2,-4.1,1991
1991-02-05,1990 겨울,2,-4.6,1991
1991-02-06,1990 겨울,2,-0.7,1991
1991-02-07,1990 겨울,2,1.4,1991
1991-02-08,1990 겨울,2,-1.8,1991
1991-02-09,1990 겨울,2,2,1991
1991-02-10,1990 겨울,2,3.8,1991
1991-02-11,1990 겨울,2,0.7,1991
1991-02-12,1990 겨울,2,0.8,1991
1991-02-13,1990 겨울,2,3.5,1991
1991-02-14,1990 겨울,2,4.9,1991
1991-02-15,1990 겨울,2,1.3,1991
1991-02-16,1990 겨울,2,1.7,1991
1991-02-17,1990 겨울,2,-0.5,1991
1991-02-18,1990 겨울,2,-1.8,1991
1991-02-19,1990 겨울,2,-9.9,1991
1991-02-20,1990 겨울,2,-7.1,1991
1991-02-21,1990 겨울,2,-14.2,1991
1991-02-22,1990 겨울,2,-15.1,1991
1991-02-23,1990 겨울,2,-16.9,1991
1991-02-24,1990 겨울,2,-12,1991
1991-02-25,1990 겨울,2,-5.4,1991
1991-02-26,1990 겨울,2,-0.9,1991
1991-02-27,1990 겨울,2,1.8,1991
1991-02-28,1990 겨울,2,-2.8,1991
1991-12-01,1991 겨울,12,2.8,1991
1991-12-02,1991 겨울,12,4.6,1991
1991-12-03,1991 겨울,12,-0.5,1991
1991-12-04,1991 겨울,12,2.1,1991
1991-12-05,1991 겨울,12,5.8,1991
1991-12-06,1991 겨울,12,7.8,1991
1991-12-07,1991 겨울,12,7.9,1991
1991-12-08,1991 겨울,12,1.2,1991
1991-12-09,1991 겨울,12,-3.7,1991
1991-12-10,1991 겨울,12,-2.2,1991
1991-12-11,1991 겨울,12,-6.7,1991
1991-12-12,1991 겨울,12,-12.4,1991
1991-12-13,1991 겨울,12,-4.5,1991
1991-12-14,1991 겨울,12,4.9,1991
1991-12-15,1991 겨울,12,7.5,1991
1991-12-16,1991 겨울,12,8.1,1991
1991-12-17,1991 겨울,12,4.3,1991
1991-12-18,1991 겨울,12,1.5,1991
1991-12-19,1991 겨울,12,2.5,1991
1991-12-20,1991 겨울,12,2.5,1991
1991-12-21,1991 겨울,12,1.5,1991
1991-12-22,1991 겨울,12,4.5,1991
1991-12-23,1991 겨울,12,5.6,1991
1991-12-24,1991 겨울,12,1.4,1991
1991-12-25,1991 겨울,12,1.8,1991
1991-12-26,1991 겨울,12,1.4,1991
1991-12-27,1991 겨울,12,-1.9,1991
1991-12-28,1991 겨울,12,-11.1,1991
1991-12-29,1991 겨울,12,-11.6,1991
1991-12-30,1991 겨울,12,-6.4,1991
1991-12-31,1991 겨울,12,-0.8,1991
1992-01-01,1991 겨울,1,1.5,1992
1992-01-02,1991 겨울,1,-0.4,1992
1992-01-03,1991 겨울,1,-3.2,1992
1992-01-04,1991 겨울,1,-3.2,1992
1992-01-05,1991 겨울,1,-0.4,1992
1992-01-06,1991 겨울,1,2.8,1992
1992-01-07,1991 겨울,1,-0.4,1992
1992-01-08,1991 겨울,1,-0.1,1992
1992-01-09,1991 겨울,1,-1.7,1992
1992-01-10,1991 겨울,1,-0.1,1992
1992-01-11,1991 겨울,1,-0.1,1992
1992-01-12,1991 겨울,1,1.4,1992
1992-01-13,1991 겨울,1,0.1,1992
1992-01-14,1991 겨울,1,-0.8,1992
1992-01-15,1991 겨울,1,-2.6,1992
1992-01-16,1991 겨울,1,-3.1,1992
1992-01-17,1991 겨울,1,-9.6,1992
1992-01-18,1991 겨울,1,-10.8,1992
1992-01-19,1991 겨울,1,-6.4,1992
1992-01-20,1991 겨울,1,-4,1992
1992-01-21,1991 겨울,1,-1.3,1992
1992-01-22,1991 겨울,1,-3.7,1992
1992-01-23,1991 겨울,1,-4.7,1992
1992-01-24,1991 겨울,1,-1.3,1992
1992-01-25,1991 겨울,1,0.5,1992
1992-01-26,1991 겨울,1,-0.7,1992
1992-01-27,1991 겨울,1,-0.4,1992
1992-01-28,1991 겨울,1,1,1992
1992-01-29,1991 겨울,1,0.4,1992
1992-01-30,1991 겨울,1,-1.8,1992
1992-01-31,1991 겨울,1,-2.4,1992
1992-02-01,1991 겨울,2,-2.1,1992
1992-02-02,1991 겨울,2,-1.6,1992
1992-02-03,1991 겨울,2,-1.2,1992
1992-02-04,1991 겨울,2,-4.7,1992
1992-02-05,1991 겨울,2,-3,1992
1992-02-06,1991 겨울,2,-4,1992
1992-02-07,1991 겨울,2,-5.7,1992
1992-02-08,1991 겨울,2,-6.1,1992
1992-02-09,1991 겨울,2,-3.4,1992
1992-02-10,1991 겨울,2,-1.8,1992
1992-02-11,1991 겨울,2,-3.5,1992
1992-02-12,1991 겨울,2,-1.7,1992
1992-02-13,1991 겨울,2,-3.9,1992
1992-02-14,1991 겨울,2,-1,1992
1992-02-15,1991 겨울,2,0.6,1992
1992-02-16,1991 겨울,2,-6.8,1992
1992-02-17,1991 겨울,2,-3.9,1992
1992-02-18,1991 겨울,2,-2.7,1992
1992-02-19,1991 겨울,2,-6.9,1992
1992-02-20,1991 겨울,2,-3.9,1992
1992-02-21,1991 겨울,2,-4.3,1992
1992-02-22,1991 겨울,2,-0.1,1992
1992-02-23,1991 겨울,2,-0.7,1992
1992-02-24,1991 겨울,2,-1.7,1992
1992-02-25,1991 겨울,2,1.5,1992
1992-02-26,1991 겨울,2,4.6,1992
1992-02-27,1991 겨울,2,9.6,1992
1992-02-28,1991 겨울,2,11.6,1992
1992-02-29,1991 겨울,2,11.8,1992
1992-12-01,1992 겨울,12,3.2,1992
1992-12-02,1992 겨울,12,3.9,1992
1992-12-03,1992 겨울,12,2.5,1992
1992-12-04,1992 겨울,12,4.5,1992
1992-12-05,1992 겨울,12,8.5,1992
1992-12-06,1992 겨울,12,8.4,1992
1992-12-07,1992 겨울,12,8.1,1992
1992-12-08,1992 겨울,12,5,1992
1992-12-09,1992 겨울,12,3.8,1992
1992-12-10,1992 겨울,12,-1.1,1992
1992-12-11,1992 겨울,12,-6,1992
1992-12-12,1992 겨울,12,-1.2,1992
1992-12-13,1992 겨울,12,-4.5,1992
1992-12-14,1992 겨울,12,-9.5,1992
1992-12-15,1992 겨울,12,-5.8,1992
1992-12-16,1992 겨울,12,-0.8,1992
1992-12-17,1992 겨울,12,-0.8,1992
1992-12-18,1992 겨울,12,-1,1992
1992-12-19,1992 겨울,12,0.5,1992
1992-12-20,1992 겨울,12,6.4,1992
1992-12-21,1992 겨울,12,0.1,1992
1992-12-22,1992 겨울,12,-3.1,1992
1992-12-23,1992 겨울,12,-10.9,1992
1992-12-24,1992 겨울,12,-7.9,1992
1992-12-25,1992 겨울,12,-4.8,1992
1992-12-26,1992 겨울,12,-0.4,1992
1992-12-27,1992 겨울,12,2.3,1992
1992-12-28,1992 겨울,12,2.5,1992
1992-12-29,1992 겨울,12,-1.8,1992
1992-12-30,1992 겨울,12,-0.1,1992
1992-12-31,1992 겨울,12,-2.4,1992
1993-01-01,1992 겨울,1,-0.6,1993
1993-01-02,1992 겨울,1,2.4,1993
1993-01-03,1992 겨울,1,-2.5,1993
1993-01-04,1992 겨울,1,-5.2,1993
1993-01-05,1992 겨울,1,-2.8,1993
1993-01-06,1992 겨울,1,0.1,1993
1993-01-07,1992 겨울,1,-0.4,1993
1993-01-08,1992 겨울,1,0.8,1993
1993-01-09,1992 겨울,1,2.3,1993
1993-01-10,1992 겨울,1,-1.9,1993
1993-01-11,1992 겨울,1,-5.9,1993
1993-01-12,1992 겨울,1,-3.1,1993
1993-01-13,1992 겨울,1,-1,1993
1993-01-14,1992 겨울,1,-2.2,1993
1993-01-15,1992 겨울,1,-7,1993
1993-01-16,1992 겨울,1,-9.4,1993
1993-01-17,1992 겨울,1,-6.1,1993
1993-01-18,1992 겨울,1,-11.7,1993
1993-01-19,1992 겨울,1,-11.7,1993
1993-01-20,1992 겨울,1,-11.7,1993
1993-01-21,1992 겨울,1,-7.6,1993
1993-01-22,1992 겨울,1,-4.4,1993
1993-01-23,1992 겨울,1,-0.4,1993
1993-01-24,1992 겨울,1,1.4,1993
1993-01-25,1992 겨울,1,0.4,1993
1993-01-26,1992 겨울,1,-2.2,1993
1993-01-27,1992 겨울,1,-10.7,1993
1993-01-28,1992 겨울,1,-11.3,1993
1993-01-29,1992 겨울,1,-5.7,1993
1993-01-30,1992 겨울,1,-2.6,1993
1993-01-31,1992 겨울,1,-1.2,1993
1993-02-01,1992 겨울,2,-5.7,1993
1993-02-02,1992 겨울,2,-3.1,1993
1993-02-03,1992 겨울,2,-0.8,1993
1993-02-04,1992 겨울,2,2.8,1993
1993-02-05,1992 겨울,2,6,1993
1993-02-06,1992 겨울,2,8.5,1993
1993-02-07,1992 겨울,2,-6.6,1993
1993-02-08,1992 겨울,2,-8.9,1993
1993-02-09,1992 겨울,2,-4.9,1993
1993-02-10,1992 겨울,2,-2.1,1993
1993-02-11,1992 겨울,2,-0.5,1993
1993-02-12,1992 겨울,2,-0.5,1993
1993-02-13,1992 겨울,2,-0.8,1993
1993-02-14,1992 겨울,2,-0.2,1993
1993-02-15,1992 겨울,2,1.9,1993
1993-02-16,1992 겨울,2,1.1,1993
1993-02-17,1992 겨울,2,1.5,1993
1993-02-18,1992 겨울,2,0.4,1993
1993-02-19,1992 겨울,2,2,1993
1993-02-20,1992 겨울,2,4.3,1993
1993-02-21,1992 겨울,2,3.4,1993
1993-02-22,1992 겨울,2,-7.4,1993
1993-02-23,1992 겨울,2,-11.8,1993
1993-02-24,1992 겨울,2,-8.6,1993
1993-02-25,1992 겨울,2,-4,1993
1993-02-26,1992 겨울,2,-2.3,1993
1993-02-27,1992 겨울,2,0.2,1993
1993-02-28,1992 겨울,2,-4.9,1993
1993-12-01,1993 겨울,12,3.9,1993
1993-12-02,1993 겨울,12,3.4,1993
1993-12-03,1993 겨울,12,-5.2,1993
1993-12-04,1993 겨울,12,-5.2,1993
1993-12-05,1993 겨울,12,-2.5,1993
1993-12-06,1993 겨울,12,-1.4,1993
1993-12-07,1993 겨울,12,-0.2,1993
1993-12-08,1993 겨울,12,2.7,1993
1993-12-09,1993 겨울,12,2.9,1993
1993-12-10,1993 겨울,12,1.6,1993
1993-12-11,1993 겨울,12,-2.6,1993
1993-12-12,1993 겨울,12,1.9,1993
1993-12-13,1993 겨울,12,-2.3,1993
1993-12-14,1993 겨울,12,-9.8,1993
1993-12-15,1993 겨울,12,-10.4,1993
1993-12-16,1993 겨울,12,-6,1993
1993-12-17,1993 겨울,12,-12.1,1993
1993-12-18,1993 겨울,12,-3.3,1993
1993-12-19,1993 겨울,12,1.1,1993
1993-12-20,1993 겨울,12,2.3,1993
1993-12-21,1993 겨울,12,-12.2,1993
1993-12-22,1993 겨울,12,-9.8,1993
1993-12-23,1993 겨울,12,-3.8,1993
1993-12-24,1993 겨울,12,-0.9,1993
1993-12-25,1993 겨울,12,3.4,1993
1993-12-26,1993 겨울,12,2.4,1993
1993-12-27,1993 겨울,12,-2.4,1993
1993-12-28,1993 겨울,12,-2.4,1993
1993-12-29,1993 겨울,12,0.5,1993
1993-12-30,1993 겨울,12,2.6,1993
1993-12-31,1993 겨울,12,-5.9,1993
1994-01-01,1993 겨울,1,-2.8,1994
1994-01-02,1993 겨울,1,1.6,1994
1994-01-03,1993 겨울,1,2.7,1994
1994-01-04,1993 겨울,1,-3.6,1994
1994-01-05,1993 겨울,1,0.3,1994
1994-01-06,1993 겨울,1,-1.4,1994
1994-01-07,1993 겨울,1,-4.3,1994
1994-01-08,1993 겨울,1,0.1,1994
1994-01-09,1993 겨울,1,5.9,1994
1994-01-10,1993 겨울,1,5.4,1994
1994-01-11,1993 겨울,1,2.4,1994
1994-01-12,1993 겨울,1,1,1994
1994-01-13,1993 겨울,1,-1.7,1994
1994-01-14,1993 겨울,1,-4.6,1994
1994-01-15,1993 겨울,1,-0.9,1994
1994-01-16,1993 겨울,1,1.9,1994
1994-01-17,1993 겨울,1,-1,1994
1994-01-18,1993 겨울,1,-13.8,1994
1994-01-19,1993 겨울,1,-12.1,1994
1994-01-20,1993 겨울,1,-10.2,1994
1994-01-21,1993 겨울,1,-8.7,1994
1994-01-22,1993 겨울,1,-6.2,1994
1994-01-23,1993 겨울,1,-12.6,1994
1994-01-24,1993 겨울,1,-7.5,1994
1994-01-25,1993 겨울,1,-0.2,1994
1994-01-26,1993 겨울,1,-2.2,1994
1994-01-27,1993 겨울,1,-7.7,1994
1994-01-28,1993 겨울,1,-3.6,1994
1994-01-29,1993 겨울,1,-5.9,1994
1994-01-30,1993 겨울,1,-4,1994
1994-01-31,1993 겨울,1,1.5,1994
1994-02-01,1993 겨울,2,-3.2,1994
1994-02-02,1993 겨울,2,-7.1,1994
1994-02-03,1993 겨울,2,-3.2,1994
1994-02-04,1993 겨울,2,-2.5,1994
1994-02-05,1993 겨울,2,1.2,1994
1994-02-06,1993 겨울,2,2.7,1994
1994-02-07,1993 겨울,2,1.5,1994
1994-02-08,1993 겨울,2,1,1994
1994-02-09,1993 겨울,2,-12.1,1994
1994-02-10,1993 겨울,2,-10.2,1994
1994-02-11,1993 겨울,2,-4,1994
1994-02-12,1993 겨울,2,-1.9,1994
1994-02-13,1993 겨울,2,-5.1,1994
1994-02-14,1993 겨울,2,-1.4,1994
1994-02-15,1993 겨울,2,1.8,1994
1994-02-16,1993 겨울,2,1,1994
1994-02-17,1993 겨울,2,1.9,1994
1994-02-18,1993 겨울,2,3.7,1994
1994-02-19,1993 겨울,2,4.4,1994
1994-02-20,1993 겨울,2,3.9,1994
1994-02-21,1993 겨울,2,-3.2,1994
1994-02-22,1993 겨울,2,-2.7,1994
1994-02-23,1993 겨울,2,-4.2,1994
1994-02-24,1993 겨울,2,0.7,1994
1994-02-25,1993 겨울,2,1.7,1994
1994-02-26,1993 겨울,2,2.5,1994
1994-02-27,1993 겨울,2,3.5,1994
1994-02-28,1993 겨울,2,-1,1994
1994-12-01,1994 겨울,12,9.2,1994
1994-12-02,1994 겨울,12,-4.7,1994
1994-12-03,1994 겨울,12,-8,1994
1994-12-04,1994 겨울,12,-3.4,1994
1994-12-05,1994 겨울,12,-2.7,1994
1994-12-06,1994 겨울,12,2.2,1994
1994-12-07,1994 겨울,12,6.8,1994
1994-12-08,1994 겨울,12,7,1994
1994-12-09,1994 겨울,12,5.5,1994
1994-12-10,1994 겨울,12,6.4,1994
1994-12-11,1994 겨울,12,8,1994
1994-12-12,1994 겨울,12,1.5,1994
1994-12-13,1994 겨울,12,-5.1,1994
1994-12-14,1994 겨울,12,-4.7,1994
1994-12-15,1994 겨울,12,-12.2,1994
1994-12-16,1994 겨울,12,-10.8,1994
1994-12-17,1994 겨울,12,-7.8,1994
1994-12-18,1994 겨울,12,-7.5,1994
1994-12-19,1994 겨울,12,-5.8,1994
1994-12-20,1994 겨울,12,-2.8,1994
1994-12-21,1994 겨울,12,-0.2,1994
1994-12-22,1994 겨울,12,1.9,1994
1994-12-23,1994 겨울,12,5.6,1994
1994-12-24,1994 겨울,12,6.3,1994
1994-12-25,1994 겨울,12,4.1,1994
1994-12-26,1994 겨울,12,3.5,1994
1994-12-27,1994 겨울,12,0,1994
1994-12-28,1994 겨울,12,-2.6,1994
1994-12-29,1994 겨울,12,-0.9,1994
1994-12-30,1994 겨울,12,0.5,1994
1994-12-31,1994 겨울,12,-4.6,1994
1995-01-01,1994 겨울,1,-5.2,1995
1995-01-02,1994 겨울,1,-1.7,1995
1995-01-03,1994 겨울,1,0.6,1995
1995-01-04,1994 겨울,1,-2.8,1995
1995-01-05,1994 겨울,1,-4.6,1995
1995-01-06,1994 겨울,1,-6.4,1995
1995-01-07,1994 겨울,1,2.9,1995
1995-01-08,1994 겨울,1,5.9,1995
1995-01-09,1994 겨울,1,-2.9,1995
1995-01-10,1994 겨울,1,-9.9,1995
1995-01-11,1994 겨울,1,-8.3,1995
1995-01-12,1994 겨울,1,-4.8,1995
1995-01-13,1994 겨울,1,-9.5,1995
1995-01-14,1994 겨울,1,-10.7,1995
1995-01-15,1994 겨울,1,-4.1,1995
1995-01-16,1994 겨울,1,-1.9,1995
1995-01-17,1994 겨울,1,-2.3,1995
1995-01-18,1994 겨울,1,-4,1995
1995-01-19,1994 겨울,1,-6.8,1995
1995-01-20,1994 겨울,1,-1.3,1995
1995-01-21,1994 겨울,1,-0.3,1995
1995-01-22,1994 겨울,1,2.4,1995
1995-01-23,1994 겨울,1,-2.6,1995
1995-01-24,1994 겨울,1,-4.4,1995
1995-01-25,1994 겨울,1,-1.5,1995
1995-01-26,1994 겨울,1,-9.1,1995
1995-01-27,1994 겨울,1,-7.1,1995
1995-01-28,1994 겨울,1,-8.8,1995
1995-01-29,1994 겨울,1,-9.8,1995
1995-01-30,1994 겨울,1,-10.7,1995
1995-01-31,1994 겨울,1,-6.6,1995
1995-02-01,1994 겨울,2,-5.1,1995
1995-02-02,1994 겨울,2,-2.7,1995
1995-02-03,1994 겨울,2,-2.5,1995
1995-02-04,1994 겨울,2,-4.2,1995
1995-02-05,1994 겨울,2,-5,1995
1995-02-06,1994 겨울,2,-3.2,1995
1995-02-07,1994 겨울,2,0.9,1995
1995-02-08,1994 겨울,2,3,1995
1995-02-09,1994 겨울,2,3.1,1995
1995-02-10,1994 겨울,2,3.1,1995
1995-02-11,1994 겨울,2,3.1,1995
1995-02-12,1994 겨울,2,2.9,1995
1995-02-13,1994 겨울,2,-1.7,1995
1995-02-14,1994 겨울,2,-2.1,1995
1995-02-15,1994 겨울,2,-3,1995
1995-02-16,1994 겨울,2,-3,1995
1995-02-17,1994 겨울,2,-0.9,1995
1995-02-18,1994 겨울,2,3.7,1995
1995-02-19,1994 겨울,2,3,1995
1995-02-20,1994 겨울,2,0.3,1995
1995-02-21,1994 겨울,2,-0.3,1995
1995-02-22,1994 겨울,2,0.5,1995
1995-02-23,1994 겨울,2,1.8,1995
1995-02-24,1994 겨울,2,3.1,1995
1995-02-25,1994 겨울,2,2,1995
1995-02-26,1994 겨울,2,-0.5,1995
1995-02-27,1994 겨울,2,2.2,1995
1995-02-28,1994 겨울,2,1.3,1995
1995-12-01,1995 겨울,12,0,1995
1995-12-02,1995 겨울,12,1.4,1995
1995-12-03,1995 겨울,12,0,1995
1995-12-04,1995 겨울,12,-2.3,1995
1995-12-05,1995 겨울,12,-7.2,1995
1995-12-06,1995 겨울,12,-4.6,1995
1995-12-07,1995 겨울,12,-3.6,1995
1995-12-08,1995 겨울,12,-5,1995
1995-12-09,1995 겨울,12,-1.5,1995
1995-12-10,1995 겨울,12,0.7,1995
1995-12-11,1995 겨울,12,3,1995
1995-12-12,1995 겨울,12,2.3,1995
1995-12-13,1995 겨울,12,2.6,1995
1995-12-14,1995 겨울,12,2.5,1995
1995-12-15,1995 겨울,12,-2.3,1995
1995-12-16,1995 겨울,12,-2.2,1995
1995-12-17,1995 겨울,12,-3.8,1995
1995-12-18,1995 겨울,12,-1.7,1995
1995-12-19,1995 겨울,12,-0.3,1995
1995-12-20,1995 겨울,12,0.2,1995
1995-12-21,1995 겨울,12,-2,1995
1995-12-22,1995 겨울,12,0.3,1995
1995-12-23,1995 겨울,12,-0.3,1995
1995-12-24,1995 겨울,12,-10.4,1995
1995-12-25,1995 겨울,12,-11.3,1995
1995-12-26,1995 겨울,12,-7.3,1995
1995-12-27,1995 겨울,12,-3.9,1995
1995-12-28,1995 겨울,12,-2.7,1995
1995-12-29,1995 겨울,12,-10.3,1995
1995-12-30,1995 겨울,12,-10,1995
1995-12-31,1995 겨울,12,-5.3,1995
1996-01-01,1995 겨울,1,-4.5,1996
1996-01-02,1995 겨울,1,-1.4,1996
1996-01-03,1995 겨울,1,-9.5,1996
1996-01-04,1995 겨울,1,-5.8,1996
1996-01-05,1995 겨울,1,-2.4,1996
1996-01-06,1995 겨울,1,4.5,1996
1996-01-07,1995 겨울,1,1.3,1996
1996-01-08,1995 겨울,1,-12,1996
1996-01-09,1995 겨울,1,-10.3,1996
1996-01-10,1995 겨울,1,-6.2,1996
1996-01-11,1995 겨울,1,-3.3,1996
1996-01-12,1995 겨울,1,0.4,1996
1996-01-13,1995 겨울,1,2.8,1996
1996-01-14,1995 겨울,1,2.9,1996
1996-01-15,1995 겨울,1,0.5,1996
1996-01-16,1995 겨울,1,-8.4,1996
1996-01-17,1995 겨울,1,-7.8,1996
1996-01-18,1995 겨울,1,-6.1,1996
1996-01-19,1995 겨울,1,-3.6,1996
1996-01-20,1995 겨울,1,-1.6,1996
1996-01-21,1995 겨울,1,-2.1,1996
1996-01-22,1995 겨울,1,-1.8,1996
1996-01-23,1995 겨울,1,-6,1996
1996-01-24,1995 겨울,1,-7.6,1996
1996-01-25,1995 겨울,1,-10,1996
1996-01-26,1995 겨울,1,-8.1,1996
1996-01-27,1995 겨울,1,-3.2,1996
1996-01-28,1995 겨울,1,0.2,1996
1996-01-29,1995 겨울,1,-3.6,1996
1996-01-30,1995 겨울,1,-10.9,1996
1996-01-31,1995 겨울,1,-10,1996
1996-02-01,1995 겨울,2,-14.1,1996
1996-02-02,1995 겨울,2,-13.4,1996
1996-02-03,1995 겨울,2,-6.1,1996
1996-02-04,1995 겨울,2,-1.1,1996
1996-02-05,1995 겨울,2,-11.5,1996
1996-02-06,1995 겨울,2,-10.1,1996
1996-02-07,1995 겨울,2,-4.9,1996
1996-02-08,1995 겨울,2,-4.9,1996
1996-02-09,1995 겨울,2,-10,1996
1996-02-10,1995 겨울,2,-7.5,1996
1996-02-11,1995 겨울,2,-1.3,1996
1996-02-12,1995 겨울,2,5.9,1996
1996-02-13,1995 겨울,2,8.3,1996
1996-02-14,1995 겨울,2,5.7,1996
1996-02-15,1995 겨울,2,-2.1,1996
1996-02-16,1995 겨울,2,-5.6,1996
1996-02-17,1995 겨울,2,-5.1,1996
1996-02-18,1995 겨울,2,-3.7,1996
1996-02-19,1995 겨울,2,-6.2,1996
1996-02-20,1995 겨울,2,-7.1,1996
1996-02-21,1995 겨울,2,-6.7,1996
1996-02-22,1995 겨울,2,-4,1996
1996-02-23,1995 겨울,2,-1.3,1996
1996-02-24,1995 겨울,2,0,1996
1996-02-25,1995 겨울,2,0.2,1996
1996-02-26,1995 겨울,2,0.6,1996
1996-02-27,1995 겨울,2,-5.3,1996
1996-02-28,1995 겨울,2,-1.8,1996
1996-02-29,1995 겨울,2,2,1996
1996-12-01,1996 겨울,12,-11.7,1996
1996-12-02,1996 겨울,12,-5.6,1996
1996-12-03,1996 겨울,12,-1.4,1996
1996-12-04,1996 겨울,12,1.3,1996
1996-12-05,1996 겨울,12,-6.3,1996
1996-12-06,1996 겨울,12,-6.9,1996
1996-12-07,1996 겨울,12,-5.9,1996
1996-12-08,1996 겨울,12,1.1,1996
1996-12-09,1996 겨울,12,4.1,1996
1996-12-10,1996 겨울,12,3.6,1996
1996-12-11,1996 겨울,12,3,1996
1996-12-12,1996 겨울,12,2.1,1996
1996-12-13,1996 겨울,12,4.3,1996
1996-12-14,1996 겨울,12,6.9,1996
1996-12-15,1996 겨울,12,6.7,1996
1996-12-16,1996 겨울,12,8,1996
1996-12-17,1996 겨울,12,3.1,1996
1996-12-18,1996 겨울,12,-9.1,1996
1996-12-19,1996 겨울,12,-4.4,1996
1996-12-20,1996 겨울,12,-2,1996
1996-12-21,1996 겨울,12,3.5,1996
1996-12-22,1996 겨울,12,1.1,1996
1996-12-23,1996 겨울,12,-5.3,1996
1996-12-24,1996 겨울,12,2.3,1996
1996-12-25,1996 겨울,12,0.8,1996
1996-12-26,1996 겨울,12,1.2,1996
1996-12-27,1996 겨울,12,2,1996
1996-12-28,1996 겨울,12,0.7,1996
1996-12-29,1996 겨울,12,2,1996
1996-12-30,1996 겨울,12,2.4,1996
1996-12-31,1996 겨울,12,2.6,1996
1997-01-01,1996 겨울,1,-6.3,1997
1997-01-02,1996 겨울,1,-14.3,1997
1997-01-03,1996 겨울,1,-10,1997
1997-01-04,1996 겨울,1,-6.2,1997
1997-01-05,1996 겨울,1,-4.9,1997
1997-01-06,1996 겨울,1,-10,1997
1997-01-07,1996 겨울,1,-7.4,1997
1997-01-08,1996 겨울,1,-5.3,1997
1997-01-09,1996 겨울,1,-3.6,1997
1997-01-10,1996 겨울,1,-2.2,1997
1997-01-11,1996 겨울,1,-1.7,1997
1997-01-12,1996 겨울,1,-0.4,1997
1997-01-13,1996 겨울,1,0,1997
1997-01-14,1996 겨울,1,-9.5,1997
1997-01-15,1996 겨울,1,-6.6,1997
1997-01-16,1996 겨울,1,-2.7,1997
1997-01-17,1996 겨울,1,-0.9,1997
1997-01-18,1996 겨울,1,-7.3,1997
1997-01-19,1996 겨울,1,-4.5,1997
1997-01-20,1996 겨울,1,-1.6,1997
1997-01-21,1996 겨울,1,-16,1997
1997-01-22,1996 겨울,1,-11.1,1997
1997-01-23,1996 겨울,1,-6.8,1997
1997-01-24,1996 겨울,1,-10.7,1997
1997-01-25,1996 겨울,1,-5.5,1997
1997-01-26,1996 겨울,1,-0.5,1997
1997-01-27,1996 겨울,1,-0.2,1997
1997-01-28,1996 겨울,1,-6.1,1997
1997-01-29,1996 겨울,1,-7.8,1997
1997-01-30,1996 겨울,1,-5.2,1997
1997-01-31,1996 겨울,1,-5.5,1997
1997-02-01,1996 겨울,2,-4.3,1997
1997-02-02,1996 겨울,2,-5.4,1997
1997-02-03,1996 겨울,2,-6.3,1997
1997-02-04,1996 겨울,2,-2.6,1997
1997-02-05,1996 겨울,2,-1.7,1997
1997-02-06,1996 겨울,2,-5.4,1997
1997-02-07,1996 겨울,2,-3.2,1997
1997-02-08,1996 겨울,2,-0.4,1997
1997-02-09,1996 겨울,2,1.9,1997
1997-02-10,1996 겨울,2,-2.3,1997
1997-02-11,1996 겨울,2,-7.4,1997
1997-02-12,1996 겨울,2,-5.7,1997
1997-02-13,1996 겨울,2,-3.4,1997
1997-02-14,1996 겨울,2,0.2,1997
1997-02-15,1996 겨울,2,2.7,1997
1997-02-16,1996 겨울,2,-8.6,1997
1997-02-17,1996 겨울,2,-6,1997
1997-02-18,1996 겨울,2,-5.1,1997
1997-02-19,1996 겨울,2,-2.1,1997
1997-02-20,1996 겨울,2,1.4,1997
1997-02-21,1996 겨울,2,-3.7,1997
1997-02-22,1996 겨울,2,-1.1,1997
1997-02-23,1996 겨울,2,1.7,1997
1997-02-24,1996 겨울,2,5.8,1997
1997-02-25,1996 겨울,2,5,1997
1997-02-26,1996 겨울,2,6.4,1997
1997-02-27,1996 겨울,2,8.5,1997
1997-02-28,1996 겨울,2,5.2,1997
1997-12-01,1997 겨울,12,-4.5,1997
1997-12-02,1997 겨울,12,-11.3,1997
1997-12-03,1997 겨울,12,-9.1,1997
1997-12-04,1997 겨울,12,-1.4,1997
1997-12-05,1997 겨울,12,3.5,1997
1997-12-06,1997 겨울,12,3.8,1997
1997-12-07,1997 겨울,12,4.6,1997
1997-12-08,1997 겨울,12,-1.9,1997
1997-12-09,1997 겨울,12,-9.1,1997
1997-12-10,1997 겨울,12,-10.5,1997
1997-12-11,1997 겨울,12,-8.2,1997
1997-12-12,1997 겨울,12,-4.2,1997
1997-12-13,1997 겨울,12,-1.6,1997
1997-12-14,1997 겨울,12,0.9,1997
1997-12-15,1997 겨울,12,1.9,1997
1997-12-16,1997 겨울,12,2.1,1997
1997-12-17,1997 겨울,12,4.2,1997
1997-12-18,1997 겨울,12,6.8,1997
1997-12-19,1997 겨울,12,9.1,1997
1997-12-20,1997 겨울,12,5.3,1997
1997-12-21,1997 겨울,12,5.4,1997
1997-12-22,1997 겨울,12,5.3,1997
1997-12-23,1997 겨울,12,5.5,1997
1997-12-24,1997 겨울,12,4.4,1997
1997-12-25,1997 겨울,12,4.7,1997
1997-12-26,1997 겨울,12,4.3,1997
1997-12-27,1997 겨울,12,3.5,1997
1997-12-28,1997 겨울,12,-1.1,1997
1997-12-29,1997 겨울,12,-1.1,1997
1997-12-30,1997 겨울,12,-0.2,1997
1997-12-31,1997 겨울,12,0.1,1997
1998-01-01,1997 겨울,1,1.6,1998
1998-01-02,1997 겨울,1,1.6,1998
1998-01-03,1997 겨울,1,4.4,1998
1998-01-04,1997 겨울,1,-9.1,1998
1998-01-05,1997 겨울,1,-3.2,1998
1998-01-06,1997 겨울,1,-3.2,1998
1998-01-07,1997 겨울,1,0,1998
1998-01-08,1997 겨울,1,0.8,1998
1998-01-09,1997 겨울,1,1.7,1998
1998-01-10,1997 겨울,1,2.9,1998
1998-01-11,1997 겨울,1,2,1998
1998-01-12,1997 겨울,1,0.9,1998
1998-01-13,1997 겨울,1,1.2,1998
1998-01-14,1997 겨울,1,1.4,1998
1998-01-15,1997 겨울,1,-1.6,1998
1998-01-16,1997 겨울,1,-0.1,1998
1998-01-17,1997 겨울,1,2.2,1998
1998-01-18,1997 겨울,1,-12.7,1998
1998-01-19,1997 겨울,1,-15.3,1998
1998-01-20,1997 겨울,1,-6.9,1998
1998-01-21,1997 겨울,1,-7.3,1998
1998-01-22,1997 겨울,1,-4,1998
1998-01-23,1997 겨울,1,-12,1998
1998-01-24,1997 겨울,1,-17.6,1998
1998-01-25,1997 겨울,1,-8.5,1998
1998-01-26,1997 겨울,1,-5.1,1998
1998-01-27,1997 겨울,1,-5.6,1998
1998-01-28,1997 겨울,1,-8.5,1998
1998-01-29,1997 겨울,1,-4,1998
1998-01-30,1997 겨울,1,0.5,1998
1998-01-31,1997 겨울,1,-4.1,1998
1998-02-01,1997 겨울,2,-2.9,1998
1998-02-02,1997 겨울,2,-1.6,1998
1998-02-03,1997 겨울,2,-0.5,1998
1998-02-04,1997 겨울,2,-2.7,1998
1998-02-05,1997 겨울,2,-2.2,1998
1998-02-06,1997 겨울,2,1.9,1998
1998-02-07,1997 겨울,2,0.3,1998
1998-02-08,1997 겨울,2,-8.4,1998
1998-02-09,1997 겨울,2,-6.6,1998
1998-02-10,1997 겨울,2,-4.9,1998
1998-02-11,1997 겨울,2,1.1,1998
1998-02-12,1997 겨울,2,6.2,1998
1998-02-13,1997 겨울,2,2.8,1998
1998-02-14,1997 겨울,2,0.5,1998
1998-02-15,1997 겨울,2,1.2,1998
1998-02-16,1997 겨울,2,1.8,1998
1998-02-17,1997 겨울,2,4.3,1998
1998-02-18,1997 겨울,2,5.3,1998
1998-02-19,1997 겨울,2,8.9,1998
1998-02-20,1997 겨울,2,8.7,1998
1998-02-21,1997 겨울,2,1.4,1998
1998-02-22,1997 겨울,2,3.8,1998
1998-02-23,1997 겨울,2,6.8,1998
1998-02-24,1997 겨울,2,6.4,1998
1998-02-25,1997 겨울,2,7.7,1998
1998-02-26,1997 겨울,2,6,1998
1998-02-27,1997 겨울,2,3.8,1998
1998-02-28,1997 겨울,2,3.6,1998
1998-12-01,1998 겨울,12,5,1998
1998-12-02,1998 겨울,12,-1.3,1998
1998-12-03,1998 겨울,12,-2.8,1998
1998-12-04,1998 겨울,12,-0.9,1998
1998-12-05,1998 겨울,12,0.5,1998
1998-12-06,1998 겨울,12,1.3,1998
1998-12-07,1998 겨울,12,1.4,1998
1998-12-08,1998 겨울,12,-6,1998
1998-12-09,1998 겨울,12,-5.7,1998
1998-12-10,1998 겨울,12,-4.4,1998
1998-12-11,1998 겨울,12,-4,1998
1998-12-12,1998 겨울,12,-1.9,1998
1998-12-13,1998 겨울,12,3.6,1998
1998-12-14,1998 겨울,12,3.1,1998
1998-12-15,1998 겨울,12,2,1998
1998-12-16,1998 겨울,12,6,1998
1998-12-17,1998 겨울,12,5.8,1998
1998-12-18,1998 겨울,12,6.8,1998
1998-12-19,1998 겨울,12,6.5,1998
1998-12-20,1998 겨울,12,1.6,1998
1998-12-21,1998 겨울,12,3.4,1998
1998-12-22,1998 겨울,12,4.9,1998
1998-12-23,1998 겨울,12,1,1998
1998-12-24,1998 겨울,12,1.6,1998
1998-12-25,1998 겨울,12,1.6,1998
1998-12-26,1998 겨울,12,1.9,1998
1998-12-27,1998 겨울,12,2.6,1998
1998-12-28,1998 겨울,12,2.8,1998
1998-12-29,1998 겨울,12,-1.1,1998
1998-12-30,1998 겨울,12,-6.1,1998
1998-12-31,1998 겨울,12,-5.2,1998
1999-01-01,1998 겨울,1,-3.2,1999
1999-01-02,1998 겨울,1,1.5,1999
1999-01-03,1998 겨울,1,1.3,1999
1999-01-04,1998 겨울,1,1.9,1999
1999-01-05,1998 겨울,1,2.9,1999
1999-01-06,1998 겨울,1,2.4,1999
1999-01-07,1998 겨울,1,-11,1999
1999-01-08,1998 겨울,1,-15,1999
1999-01-09,1998 겨울,1,-15.5,1999
1999-01-10,1998 겨울,1,-11.8,1999
1999-01-11,1998 겨울,1,-9.7,1999
1999-01-12,1998 겨울,1,-8.6,1999
1999-01-13,1998 겨울,1,-6.4,1999
1999-01-14,1998 겨울,1,-5.4,1999
1999-01-15,1998 겨울,1,-5.3,1999
1999-01-16,1998 겨울,1,-2.8,1999
1999-01-17,1998 겨울,1,-3,1999
1999-01-18,1998 겨울,1,0.4,1999
1999-01-19,1998 겨울,1,1.5,1999
1999-01-20,1998 겨울,1,-6.3,1999
1999-01-21,1998 겨울,1,-3.4,1999
1999-01-22,1998 겨울,1,3.2,1999
1999-01-23,1998 겨울,1,5.4,1999
1999-01-24,1998 겨울,1,6.2,1999
1999-01-25,1998 겨울,1,2.9,1999
1999-01-26,1998 겨울,1,1.6,1999
1999-01-27,1998 겨울,1,1.9,1999
1999-01-28,1998 겨울,1,-5.4,1999
1999-01-29,1998 겨울,1,-8.2,1999
1999-01-30,1998 겨울,1,-7.8,1999
1999-01-31,1998 겨울,1,-3.1,1999
1999-02-01,1998 겨울,2,1.5,1999
1999-02-02,1998 겨울,2,-7.4,1999
1999-02-03,1998 겨울,2,-13.2,1999
1999-02-04,1998 겨울,2,-7.2,1999
1999-02-05,1998 겨울,2,-3.5,1999
1999-02-06,1998 겨울,2,-1.7,1999
1999-02-07,1998 겨울,2,1.9,1999
1999-02-08,1998 겨울,2,3.6,1999
1999-02-09,1998 겨울,2,-0.1,1999
1999-02-10,1998 겨울,2,-0.4,1999
1999-02-11,1998 겨울,2,-2,1999
1999-02-12,1998 겨울,2,-10,1999
1999-02-13,1998 겨울,2,-7.7,1999
1999-02-14,1998 겨울,2,-4,1999
1999-02-15,1998 겨울,2,2.3,1999
1999-02-16,1998 겨울,2,3.8,1999
1999-02-17,1998 겨울,2,5.8,1999
1999-02-18,1998 겨울,2,0.7,1999
1999-02-19,1998 겨울,2,-5.6,1999
1999-02-20,1998 겨울,2,-6.3,1999
1999-02-21,1998 겨울,2,-5.2,1999
1999-02-22,1998 겨울,2,0.7,1999
1999-02-23,1998 겨울,2,3.7,1999
1999-02-24,1998 겨울,2,4.2,1999
1999-02-25,1998 겨울,2,4.7,1999
1999-02-26,1998 겨울,2,4.8,1999
1999-02-27,1998 겨울,2,-5.8,1999
1999-02-28,1998 겨울,2,-2.7,1999
1999-12-01,1999 겨울,12,2.5,1999
1999-12-02,1999 겨울,12,4.9,1999
1999-12-03,1999 겨울,12,4.5,1999
1999-12-04,1999 겨울,12,4.7,1999
1999-12-05,1999 겨울,12,2.2,1999
1999-12-06,1999 겨울,12,-1.5,1999
1999-12-07,1999 겨울,12,1.4,1999
1999-12-08,1999 겨울,12,5.6,1999
1999-12-09,1999 겨울,12,4.8,1999
1999-12-10,1999 겨울,12,4.2,1999
1999-12-11,1999 겨울,12,-2,1999
1999-12-12,1999 겨울,12,-0.1,1999
1999-12-13,1999 겨울,12,-0.4,1999
1999-12-14,1999 겨울,12,-0.5,1999
1999-12-15,1999 겨울,12,1.2,1999
1999-12-16,1999 겨울,12,2,1999
1999-12-17,1999 겨울,12,-6.3,1999
1999-12-18,1999 겨울,12,-7.4,1999
1999-12-19,1999 겨울,12,-7.9,1999
1999-12-20,1999 겨울,12,-9.7,1999
1999-12-21,1999 겨울,12,-7.8,1999
1999-12-22,1999 겨울,12,-6,1999
1999-12-23,1999 겨울,12,-2.3,1999
1999-12-24,1999 겨울,12,-1.3,1999
1999-12-25,1999 겨울,12,-4,1999
1999-12-26,1999 겨울,12,-3.3,1999
1999-12-27,1999 겨울,12,-0.1,1999
1999-12-28,1999 겨울,12,3,1999
1999-12-29,1999 겨울,12,0,1999
1999-12-30,1999 겨울,12,1.5,1999
1999-12-31,1999 겨울,12,3.4,1999
2000-01-01,1999 겨울,1,3.4,2000
2000-01-02,1999 겨울,1,2.2,2000
2000-01-03,1999 겨울,1,-5.5,2000
2000-01-04,1999 겨울,1,-2.1,2000
2000-01-05,1999 겨울,1,-0.4,2000
2000-01-06,1999 겨울,1,-0.9,2000
2000-01-07,1999 겨울,1,-11.9,2000
2000-01-08,1999 겨울,1,-6.4,2000
2000-01-09,1999 겨울,1,-4.3,2000
2000-01-10,1999 겨울,1,-3.6,2000
2000-01-11,1999 겨울,1,-3.4,2000
2000-01-12,1999 겨울,1,1,2000
2000-01-13,1999 겨울,1,-1.8,2000
2000-01-14,1999 겨울,1,-4.2,2000
2000-01-15,1999 겨울,1,-2.3,2000
2000-01-16,1999 겨울,1,-1.3,2000
2000-01-17,1999 겨울,1,-2.8,2000
2000-01-18,1999 겨울,1,-3.8,2000
2000-01-19,1999 겨울,1,-8.6,2000
2000-01-20,1999 겨울,1,-13.9,2000
2000-01-21,1999 겨울,1,-9.4,2000
2000-01-22,1999 겨울,1,-5.7,2000
2000-01-23,1999 겨울,1,0.4,2000
2000-01-24,1999 겨울,1,-6.7,2000
2000-01-25,1999 겨울,1,-12.2,2000
2000-01-26,1999 겨울,1,-13,2000
2000-01-27,1999 겨울,1,-8.2,2000
2000-01-28,1999 겨울,1,-5.9,2000
2000-01-29,1999 겨울,1,-2.6,2000
2000-01-30,1999 겨울,1,-8.7,2000
2000-01-31,1999 겨울,1,-12.5,2000
2000-02-01,1999 겨울,2,-9.3,2000
2000-02-02,1999 겨울,2,-6.9,2000
2000-02-03,1999 겨울,2,-3.8,2000
2000-02-04,1999 겨울,2,-3.5,2000
2000-02-05,1999 겨울,2,-2.4,2000
2000-02-06,1999 겨울,2,-3,2000
2000-02-07,1999 겨울,2,-4.3,2000
2000-02-08,1999 겨울,2,-12.4,2000
2000-02-09,1999 겨울,2,-9.3,2000
2000-02-10,1999 겨울,2,-4.9,2000
2000-02-11,1999 겨울,2,-0.7,2000
2000-02-12,1999 겨울,2,0.8,2000
2000-02-13,1999 겨울,2,0.7,2000
2000-02-14,1999 겨울,2,-3.6,2000
2000-02-15,1999 겨울,2,-10.9,2000
2000-02-16,1999 겨울,2,-9.2,2000
2000-02-17,1999 겨울,2,-7.9,2000
2000-02-18,1999 겨울,2,-4.8,2000
2000-02-19,1999 겨울,2,-0.1,2000
2000-02-20,1999 겨울,2,-4,2000
2000-02-21,1999 겨울,2,-5,2000
2000-02-22,1999 겨울,2,-3.2,2000
2000-02-23,1999 겨울,2,-1.6,2000
2000-02-24,1999 겨울,2,-7.4,2000
2000-02-25,1999 겨울,2,-4.9,2000
2000-02-26,1999 겨울,2,-2.1,2000
2000-02-27,1999 겨울,2,-1.1,2000
2000-02-28,1999 겨울,2,-6.6,2000
2000-02-29,1999 겨울,2,-4.7,2000
2000-12-01,2000 겨울,12,5.7,2000
2000-12-02,2000 겨울,12,5.8,2000
2000-12-03,2000 겨울,12,0.5,2000
2000-12-04,2000 겨울,12,0.3,2000
2000-12-05,2000 겨울,12,-0.7,2000
2000-12-06,2000 겨울,12,-1.4,2000
2000-12-07,2000 겨울,12,3,2000
2000-12-08,2000 겨울,12,7.1,2000
2000-12-09,2000 겨울,12,7.7,2000
2000-12-10,2000 겨울,12,0.9,2000
2000-12-11,2000 겨울,12,-11.1,2000
2000-12-12,2000 겨울,12,-7.3,2000
2000-12-13,2000 겨울,12,-1.5,2000
2000-12-14,2000 겨울,12,1.6,2000
2000-12-15,2000 겨울,12,5.7,2000
2000-12-16,2000 겨울,12,-3.2,2000
2000-12-17,2000 겨울,12,-1.3,2000
2000-12-18,2000 겨울,12,0.6,2000
2000-12-19,2000 겨울,12,-0.7,2000
2000-12-20,2000 겨울,12,-0.9,2000
2000-12-21,2000 겨울,12,-0.5,2000
2000-12-22,2000 겨울,12,3,2000
2000-12-23,2000 겨울,12,1,2000
2000-12-24,2000 겨울,12,-2.3,2000
2000-12-25,2000 겨울,12,-10.6,2000
2000-12-26,2000 겨울,12,-12.4,2000
2000-12-27,2000 겨울,12,-6.7,2000
2000-12-28,2000 겨울,12,-4.4,2000
2000-12-29,2000 겨울,12,-3.9,2000
2000-12-30,2000 겨울,12,0.3,2000
2000-12-31,2000 겨울,12,-9.5,2000
2001-01-01,2000 겨울,1,-7.1,2001
2001-01-02,2000 겨울,1,-7,2001
2001-01-03,2000 겨울,1,-12.3,2001
2001-01-04,2000 겨울,1,-13.9,2001
2001-01-05,2000 겨울,1,-8.5,2001
2001-01-06,2000 겨울,1,-5.9,2001
2001-01-07,2000 겨울,1,-2.8,2001
2001-01-08,2000 겨울,1,0,2001
2001-01-09,2000 겨울,1,-2.2,2001
2001-01-10,2000 겨울,1,-7.1,2001
2001-01-11,2000 겨울,1,-11.5,2001
2001-01-12,2000 겨울,1,-14.2,2001
2001-01-13,2000 겨울,1,-13.9,2001
2001-01-14,2000 겨울,1,-21,2001
2001-01-15,2000 겨울,1,-20.1,2001
2001-01-16,2000 겨울,1,-16.9,2001
2001-01-17,2000 겨울,1,-11.8,2001
2001-01-18,2000 겨울,1,-2.5,2001
2001-01-19,2000 겨울,1,-0.6,2001
2001-01-20,2000 겨울,1,-0.5,2001
2001-01-21,2000 겨울,1,-2.9,2001
2001-01-22,2000 겨울,1,-2.3,2001
2001-01-23,2000 겨울,1,-4.5,2001
2001-01-24,2000 겨울,1,-1.8,2001
2001-01-25,2000 겨울,1,1.9,2001
2001-01-26,2000 겨울,1,-2.3,2001
2001-01-27,2000 겨울,1,-2.5,2001
2001-01-28,2000 겨울,1,-6,2001
2001-01-29,2000 겨울,1,-5.6,2001
2001-01-30,2000 겨울,1,-1.7,2001
2001-01-31,2000 겨울,1,-2.3,2001
2001-02-01,2000 겨울,2,-9.7,2001
2001-02-02,2000 겨울,2,-8.1,2001
2001-02-03,2000 겨울,2,-0.9,2001
2001-02-04,2000 겨울,2,0.6,2001
2001-02-05,2000 겨울,2,0.5,2001
2001-02-06,2000 겨울,2,1.1,2001
2001-02-07,2000 겨울,2,-5.8,2001
2001-02-08,2000 겨울,2,-8.8,2001
2001-02-09,2000 겨울,2,-3.4,2001
2001-02-10,2000 겨울,2,-2.6,2001
2001-02-11,2000 겨울,2,-6.1,2001
2001-02-12,2000 겨울,2,-7.2,2001
2001-02-13,2000 겨울,2,-6.6,2001
2001-02-14,2000 겨울,2,-6,2001
2001-02-15,2000 겨울,2,-5.7,2001
2001-02-16,2000 겨울,2,-8.6,2001
2001-02-17,2000 겨울,2,-5.4,2001
2001-02-18,2000 겨울,2,1.6,2001
2001-02-19,2000 겨울,2,2.4,2001
2001-02-20,2000 겨울,2,3.4,2001
2001-02-21,2000 겨울,2,4.8,2001
2001-02-22,2000 겨울,2,5.7,2001
2001-02-23,2000 겨울,2,1.9,2001
2001-02-24,2000 겨울,2,-2.6,2001
2001-02-25,2000 겨울,2,-3.4,2001
2001-02-26,2000 겨울,2,0.8,2001
2001-02-27,2000 겨울,2,1.9,2001
2001-02-28,2000 겨울,2,2.5,2001
2001-12-01,2001 겨울,12,0.6,2001
2001-12-02,2001 겨울,12,-0.5,2001
2001-12-03,2001 겨울,12,1.2,2001
2001-12-04,2001 겨울,12,1.3,2001
2001-12-05,2001 겨울,12,-0.2,2001
2001-12-06,2001 겨울,12,-2.1,2001
2001-12-07,2001 겨울,12,-2.2,2001
2001-12-08,2001 겨울,12,1,2001
2001-12-09,2001 겨울,12,0.9,2001
2001-12-10,2001 겨울,12,2,2001
2001-12-11,2001 겨울,12,5.2,2001
2001-12-12,2001 겨울,12,4.5,2001
2001-12-13,2001 겨울,12,-5.8,2001
2001-12-14,2001 겨울,12,-8.7,2001
2001-12-15,2001 겨울,12,-9.9,2001
2001-12-16,2001 겨울,12,-5.4,2001
2001-12-17,2001 겨울,12,-4.8,2001
2001-12-18,2001 겨울,12,-8,2001
2001-12-19,2001 겨울,12,-5.1,2001
2001-12-20,2001 겨울,12,-3.5,2001
2001-12-21,2001 겨울,12,-3.7,2001
2001-12-22,2001 겨울,12,-5.3,2001
2001-12-23,2001 겨울,12,-3.4,2001
2001-12-24,2001 겨울,12,-1.3,2001
2001-12-25,2001 겨울,12,0.1,2001
2001-12-26,2001 겨울,12,-2.4,2001
2001-12-27,2001 겨울,12,-3.3,2001
2001-12-28,2001 겨울,12,-3.1,2001
2001-12-29,2001 겨울,12,-3.6,2001
2001-12-30,2001 겨울,12,-8.2,2001
2001-12-31,2001 겨울,12,-4.7,2001
2002-01-01,2001 겨울,1,-8.6,2002
2002-01-02,2001 겨울,1,-14.8,2002
2002-01-03,2001 겨울,1,-9.4,2002
2002-01-04,2001 겨울,1,-0.5,2002
2002-01-05,2001 겨울,1,-2.8,2002
2002-01-06,2001 겨울,1,-1.6,2002
2002-01-07,2001 겨울,1,-6.1,2002
2002-01-08,2001 겨울,1,-12.1,2002
2002-01-09,2001 겨울,1,-5.6,2002
2002-01-10,2001 겨울,1,0.2,2002
2002-01-11,2001 겨울,1,2.6,2002
2002-01-12,2001 겨울,1,4,2002
2002-01-13,2001 겨울,1,6.3,2002
2002-01-14,2001 겨울,1,9.3,2002
2002-01-15,2001 겨울,1,12.2,2002
2002-01-16,2001 겨울,1,6.7,2002
2002-01-17,2001 겨울,1,1.8,2002
2002-01-18,2001 겨울,1,1.3,2002
2002-01-19,2001 겨울,1,3.7,2002
2002-01-20,2001 겨울,1,1.6,2002
2002-01-21,2001 겨울,1,-2.2,2002
2002-01-22,2001 겨울,1,-9.2,2002
2002-01-23,2001 겨울,1,-8.8,2002
2002-01-24,2001 겨울,1,-5.2,2002
2002-01-25,2001 겨울,1,-2.5,2002
2002-01-26,2001 겨울,1,0.8,2002
2002-01-27,2001 겨울,1,-2.5,2002
2002-01-28,2001 겨울,1,-6.8,2002
2002-01-29,2001 겨울,1,-5,2002
2002-01-30,2001 겨울,1,-2.6,2002
2002-01-31,2001 겨울,1,-3.9,2002
2002-02-01,2001 겨울,2,-1,2002
2002-02-02,2001 겨울,2,3.5,2002
2002-02-03,2001 겨울,2,3.7,2002
2002-02-04,2001 겨울,2,3.7,2002
2002-02-05,2001 겨울,2,4.1,2002
2002-02-06,2001 겨울,2,4.9,2002
2002-02-07,2001 겨울,2,2.7,2002
2002-02-08,2001 겨울,2,0.6,2002
2002-02-09,2001 겨울,2,-5.2,2002
2002-02-10,2001 겨울,2,-2.6,2002
2002-02-11,2001 겨울,2,-4.3,2002
2002-02-12,2001 겨울,2,-3.4,2002
2002-02-13,2001 겨울,2,-2.4,2002
2002-02-14,2001 겨울,2,-0.2,2002
2002-02-15,2001 겨울,2,0.3,2002
2002-02-16,2001 겨울,2,2.7,2002
2002-02-17,2001 겨울,2,1.4,2002
2002-02-18,2001 겨울,2,-5.8,2002
2002-02-19,2001 겨울,2,-4,2002
2002-02-20,2001 겨울,2,1.6,2002
2002-02-21,2001 겨울,2,3.7,2002
2002-02-22,2001 겨울,2,4.6,2002
2002-02-23,2001 겨울,2,3.4,2002
2002-02-24,2001 겨울,2,5.7,2002
2002-02-25,2001 겨울,2,4.2,2002
2002-02-26,2001 겨울,2,5.9,2002
2002-02-27,2001 겨울,2,6.5,2002
2002-02-28,2001 겨울,2,5.3,2002
2002-12-01,2002 겨울,12,4.1,2002
2002-12-02,2002 겨울,12,6.7,2002
2002-12-03,2002 겨울,12,6.4,2002
2002-12-04,2002 겨울,12,11.1,2002
2002-12-05,2002 겨울,12,6.4,2002
2002-12-06,2002 겨울,12,5.9,2002
2002-12-07,2002 겨울,12,4,2002
2002-12-08,2002 겨울,12,-0.5,2002
2002-12-09,2002 겨울,12,-9.7,2002
2002-12-10,2002 겨울,12,-10.5,2002
2002-12-11,2002 겨울,12,-8.6,2002
2002-12-12,2002 겨울,12,-5.9,2002
2002-12-13,2002 겨울,12,-4.5,2002
2002-12-14,2002 겨울,12,-2.3,2002
2002-12-15,2002 겨울,12,3.1,2002
2002-12-16,2002 겨울,12,3.1,2002
2002-12-17,2002 겨울,12,1.2,2002
2002-12-18,2002 겨울,12,2.8,2002
2002-12-19,2002 겨울,12,2.3,2002
2002-12-20,2002 겨울,12,3.6,2002
2002-12-21,2002 겨울,12,6,2002
2002-12-22,2002 겨울,12,4.6,2002
2002-12-23,2002 겨울,12,4.4,2002
2002-12-24,2002 겨울,12,-0.1,2002
2002-12-25,2002 겨울,12,-6,2002
2002-12-26,2002 겨울,12,-10.5,2002
2002-12-27,2002 겨울,12,-5.8,2002
2002-12-28,2002 겨울,12,-3.6,2002
2002-12-29,2002 겨울,12,-4.6,2002
2002-12-30,2002 겨울,12,-2.8,2002
2002-12-31,2002 겨울,12,-3.3,2002
2003-01-01,2002 겨울,1,-8,2003
2003-01-02,2002 겨울,1,-6.4,2003
2003-01-03,2002 겨울,1,-6.1,2003
2003-01-04,2002 겨울,1,-15.4,2003
2003-01-05,2002 겨울,1,-19,2003
2003-01-06,2002 겨울,1,-12.1,2003
2003-01-07,2002 겨울,1,-7.5,2003
2003-01-08,2002 겨울,1,-5.1,2003
2003-01-09,2002 겨울,1,-0.8,2003
2003-01-10,2002 겨울,1,-0.5,2003
2003-01-11,2002 겨울,1,-1.3,2003
2003-01-12,2002 겨울,1,1.7,2003
2003-01-13,2002 겨울,1,3.9,2003
2003-01-14,2002 겨울,1,-5.4,2003
2003-01-15,2002 겨울,1,-6.5,2003
2003-01-16,2002 겨울,1,-1.9,2003
2003-01-17,2002 겨울,1,1.2,2003
2003-01-18,2002 겨울,1,0.1,2003
2003-01-19,2002 겨울,1,-0.4,2003
2003-01-20,2002 겨울,1,-2.5,2003
2003-01-21,2002 겨울,1,-4.4,2003
2003-01-22,2002 겨울,1,-4,2003
2003-01-23,2002 겨울,1,-3.8,2003
2003-01-24,2002 겨울,1,-4,2003
2003-01-25,2002 겨울,1,-1.8,2003
2003-01-26,2002 겨울,1,0.7,2003
2003-01-27,2002 겨울,1,-4.9,2003
2003-01-28,2002 겨울,1,-13.2,2003
2003-01-29,2002 겨울,1,-18.5,2003
2003-01-30,2002 겨울,1,-10.1,2003
2003-01-31,2002 겨울,1,-4.7,2003
2003-02-01,2002 겨울,2,-2.6,2003
2003-02-02,2002 겨울,2,-2.3,2003
2003-02-03,2002 겨울,2,-2.4,2003
2003-02-04,2002 겨울,2,-1.2,2003
2003-02-05,2002 겨울,2,-2.5,2003
2003-02-06,2002 겨울,2,-2.6,2003
2003-02-07,2002 겨울,2,3,2003
2003-02-08,2002 겨울,2,3,2003
2003-02-09,2002 겨울,2,4,2003
2003-02-10,2002 겨울,2,4.8,2003
2003-02-11,2002 겨울,2,-3.3,2003
2003-02-12,2002 겨울,2,-8.6,2003
2003-02-13,2002 겨울,2,-1.5,2003
2003-02-14,2002 겨울,2,1.1,2003
2003-02-15,2002 겨울,2,2.6,2003
2003-02-16,2002 겨울,2,2.7,2003
2003-02-17,2002 겨울,2,2.9,2003
2003-02-18,2002 겨울,2,3.2,2003
2003-02-19,2002 겨울,2,0.7,2003
2003-02-20,2002 겨울,2,2.2,2003
2003-02-21,2002 겨울,2,2,2003
2003-02-22,2002 겨울,2,0.6,2003
2003-02-23,2002 겨울,2,0.2,2003
2003-02-24,2002 겨울,2,2.4,2003
2003-02-25,2002 겨울,2,3.3,2003
2003-02-26,2002 겨울,2,4,2003
2003-02-27,2002 겨울,2,4.8,2003
2003-02-28,2002 겨울,2,4.7,2003
2003-12-01,2003 겨울,12,6.7,2003
2003-12-02,2003 겨울,12,4.9,2003
2003-12-03,2003 겨울,12,2.3,2003
2003-12-04,2003 겨울,12,0.6,2003
2003-12-05,2003 겨울,12,4.9,2003
2003-12-06,2003 겨울,12,2.1,2003
2003-12-07,2003 겨울,12,-8.5,2003
2003-12-08,2003 겨울,12,-3.2,2003
2003-12-09,2003 겨울,12,-4.7,2003
2003-12-10,2003 겨울,12,-1.8,2003
2003-12-11,2003 겨울,12,1,2003
2003-12-12,2003 겨울,12,-2.1,2003
2003-12-13,2003 겨울,12,-1.2,2003
2003-12-14,2003 겨울,12,0.4,2003
2003-12-15,2003 겨울,12,-2.6,2003
2003-12-16,2003 겨울,12,-0.5,2003
2003-12-17,2003 겨울,12,-3.5,2003
2003-12-18,2003 겨울,12,-6.2,2003
2003-12-19,2003 겨울,12,-10.3,2003
2003-12-20,2003 겨울,12,-8.8,2003
2003-12-21,2003 겨울,12,-3.3,2003
2003-12-22,2003 겨울,12,2,2003
2003-12-23,2003 겨울,12,3,2003
2003-12-24,2003 겨울,12,1.5,2003
2003-12-25,2003 겨울,12,-1.6,2003
2003-12-26,2003 겨울,12,-7.9,2003
2003-12-27,2003 겨울,12,-6,2003
2003-12-28,2003 겨울,12,-0.3,2003
2003-12-29,2003 겨울,12,2.4,2003
2003-12-30,2003 겨울,12,-1.7,2003
2003-12-31,2003 겨울,12,1.2,2003
2004-01-01,2003 겨울,1,2.3,2004
2004-01-02,2003 겨울,1,1.4,2004
2004-01-03,2003 겨울,1,2.3,2004
2004-01-04,2003 겨울,1,1.4,2004
2004-01-05,2003 겨울,1,2,2004
2004-01-06,2003 겨울,1,3.8,2004
2004-01-07,2003 겨울,1,-0.3,2004
2004-01-08,2003 겨울,1,-0.7,2004
2004-01-09,2003 겨울,1,0.3,2004
2004-01-10,2003 겨울,1,-2.6,2004
2004-01-11,2003 겨울,1,-2,2004
2004-01-12,2003 겨울,1,-2.9,2004
2004-01-13,2003 겨울,1,-11.3,2004
2004-01-14,2003 겨울,1,-7.6,2004
2004-01-15,2003 겨울,1,-3.2,2004
2004-01-16,2003 겨울,1,-0.2,2004
2004-01-17,2003 겨울,1,0.2,2004
2004-01-18,2003 겨울,1,-1.4,2004
2004-01-19,2003 겨울,1,-3.7,2004
2004-01-20,2003 겨울,1,-6.7,2004
2004-01-21,2003 겨울,1,-20.3,2004
2004-01-22,2003 겨울,1,-19,2004
2004-01-23,2003 겨울,1,-11.7,2004
2004-01-24,2003 겨울,1,-10.1,2004
2004-01-25,2003 겨울,1,-10,2004
2004-01-26,2003 겨울,1,-7.8,2004
2004-01-27,2003 겨울,1,-6.6,2004
2004-01-28,2003 겨울,1,-2.3,2004
2004-01-29,2003 겨울,1,0.7,2004
2004-01-30,2003 겨울,1,0.8,2004
2004-01-31,2003 겨울,1,0.8,2004
2004-02-01,2003 겨울,2,1.9,2004
2004-02-02,2003 겨울,2,-4.8,2004
2004-02-03,2003 겨울,2,-8.1,2004
2004-02-04,2003 겨울,2,-4.6,2004
2004-02-05,2003 겨울,2,-9.2,2004
2004-02-06,2003 겨울,2,-6.7,2004
2004-02-07,2003 겨울,2,-8.2,2004
2004-02-08,2003 겨울,2,-2.6,2004
2004-02-09,2003 겨울,2,-4.4,2004
2004-02-10,2003 겨울,2,-2.1,2004
2004-02-11,2003 겨울,2,0.6,2004
2004-02-12,2003 겨울,2,0.3,2004
2004-02-13,2003 겨울,2,1.8,2004
2004-02-14,2003 겨울,2,0.6,2004
2004-02-15,2003 겨울,2,1.7,2004
2004-02-16,2003 겨울,2,2.4,2004
2004-02-17,2003 겨울,2,2.3,2004
2004-02-18,2003 겨울,2,3.8,2004
2004-02-19,2003 겨울,2,7.5,2004
2004-02-20,2003 겨울,2,10.7,2004
2004-02-21,2003 겨울,2,10,2004
2004-02-22,2003 겨울,2,1.5,2004
2004-02-23,2003 겨울,2,-1.4,2004
2004-02-24,2003 겨울,2,1.6,2004
2004-02-25,2003 겨울,2,3.9,2004
2004-02-26,2003 겨울,2,-1.3,2004
2004-02-27,2003 겨울,2,-0.5,2004
2004-02-28,2003 겨울,2,3.5,2004
2004-02-29,2003 겨울,2,1.1,2004
2004-12-01,2004 겨울,12,4.6,2004
2004-12-02,2004 겨울,12,7.4,2004
2004-12-03,2004 겨울,12,10.2,2004
2004-12-04,2004 겨울,12,8.8,2004
2004-12-05,2004 겨울,12,-0.8,2004
2004-12-06,2004 겨울,12,0.9,2004
2004-12-07,2004 겨울,12,2.4,2004
2004-12-08,2004 겨울,12,4.5,2004
2004-12-09,2004 겨울,12,7.6,2004
2004-12-10,2004 겨울,12,6.6,2004
2004-12-11,2004 겨울,12,3.4,2004
2004-12-12,2004 겨울,12,4.3,2004
2004-12-13,2004 겨울,12,1.4,2004
2004-12-14,2004 겨울,12,2.8,2004
2004-12-15,2004 겨울,12,4.5,2004
2004-12-16,2004 겨울,12,2.8,2004
2004-12-17,2004 겨울,12,2,2004
2004-12-18,2004 겨울,12,2.9,2004
2004-12-19,2004 겨울,12,3.3,2004
2004-12-20,2004 겨울,12,-7.1,2004
2004-12-21,2004 겨울,12,-5.8,2004
2004-12-22,2004 겨울,12,-6.1,2004
2004-12-23,2004 겨울,12,-6.2,2004
2004-12-24,2004 겨울,12,-2.4,2004
2004-12-25,2004 겨울,12,-4.3,2004
2004-12-26,2004 겨울,12,-5.7,2004
2004-12-27,2004 겨울,12,-6.5,2004
2004-12-28,2004 겨울,12,-7.6,2004
2004-12-29,2004 겨울,12,-9.2,2004
2004-12-30,2004 겨울,12,-7.1,2004
2004-12-31,2004 겨울,12,-7.6,2004
2005-01-01,2004 겨울,1,-7.9,2005
2005-01-02,2004 겨울,1,-2.8,2005
2005-01-03,2004 겨울,1,0.5,2005
2005-01-04,2004 겨울,1,-8.5,2005
2005-01-05,2004 겨울,1,-6.2,2005
2005-01-06,2004 겨울,1,-2.2,2005
2005-01-07,2004 겨울,1,-6.2,2005
2005-01-08,2004 겨울,1,-7.7,2005
2005-01-09,2004 겨울,1,-12.3,2005
2005-01-10,2004 겨울,1,-9.3,2005
2005-01-11,2004 겨울,1,-10,2005
2005-01-12,2004 겨울,1,-9.1,2005
2005-01-13,2004 겨울,1,-7.5,2005
2005-01-14,2004 겨울,1,-5.4,2005
2005-01-15,2004 겨울,1,-5.1,2005
2005-01-16,2004 겨울,1,-4,2005
2005-01-17,2004 겨울,1,-1,2005
2005-01-18,2004 겨울,1,-1.1,2005
2005-01-19,2004 겨울,1,-7.6,2005
2005-01-20,2004 겨울,1,-10.1,2005
2005-01-21,2004 겨울,1,-8,2005
2005-01-22,2004 겨울,1,-3.5,2005
2005-01-23,2004 겨울,1,0.6,2005
2005-01-24,2004 겨울,1,0.5,2005
2005-01-25,2004 겨울,1,0,2005
2005-01-26,2004 겨울,1,0.5,2005
2005-01-27,2004 겨울,1,0,2005
2005-01-28,2004 겨울,1,0.8,2005
2005-01-29,2004 겨울,1,-3.3,2005
2005-01-30,2004 겨울,1,-11,2005
2005-01-31,2004 겨울,1,-11.9,2005
2005-02-01,2004 겨울,2,-17.2,2005
2005-02-02,2004 겨울,2,-11.4,2005
2005-02-03,2004 겨울,2,-6.8,2005
2005-02-04,2004 겨울,2,-3.9,2005
2005-02-05,2004 겨울,2,-4.4,2005
2005-02-06,2004 겨울,2,-1.3,2005
2005-02-07,2004 겨울,2,1.9,2005
2005-02-08,2004 겨울,2,0.4,2005
2005-02-09,2004 겨울,2,-3.1,2005
2005-02-10,2004 겨울,2,-9.5,2005
2005-02-11,2004 겨울,2,-9.9,2005
2005-02-12,2004 겨울,2,-6.3,2005
2005-02-13,2004 겨울,2,-3.2,2005
2005-02-14,2004 겨울,2,-0.1,2005
2005-02-15,2004 겨울,2,2.4,2005
2005-02-16,2004 겨울,2,-0.4,2005
2005-02-17,2004 겨울,2,3.4,2005
2005-02-18,2004 겨울,2,1.5,2005
2005-02-19,2004 겨울,2,-5.5,2005
2005-02-20,2004 겨울,2,-12.2,2005
2005-02-21,2004 겨울,2,-10.6,2005
2005-02-22,2004 겨울,2,-4.7,2005
2005-02-23,2004 겨울,2,-5.8,2005
2005-02-24,2004 겨울,2,-5.7,2005
2005-02-25,2004 겨울,2,-8.9,2005
2005-02-26,2004 겨울,2,-8.9,2005
2005-02-27,2004 겨울,2,-4.6,2005
2005-02-28,2004 겨울,2,-1.3,2005
2005-12-01,2005 겨울,12,3.9,2005
2005-12-02,2005 겨울,12,-1.1,2005
2005-12-03,2005 겨울,12,-2.8,2005
2005-12-04,2005 겨울,12,-8.9,2005
2005-12-05,2005 겨울,12,-7.6,2005
2005-12-06,2005 겨울,12,-3.8,2005
2005-12-07,2005 겨울,12,-3.7,2005
2005-12-08,2005 겨울,12,-4.6,2005
2005-12-09,2005 겨울,12,-3.2,2005
2005-12-10,2005 겨울,12,-5.5,2005
2005-12-11,2005 겨울,12,-9.9,2005
2005-12-12,2005 겨울,12,-13,2005
2005-12-13,2005 겨울,12,-13.4,2005
2005-12-14,2005 겨울,12,-9.1,2005
2005-12-15,2005 겨울,12,-7.6,2005
2005-12-16,2005 겨울,12,-5.1,2005
2005-12-17,2005 겨울,12,-14.9,2005
2005-12-18,2005 겨울,12,-12.6,2005
2005-12-19,2005 겨울,12,-6.4,2005
2005-12-20,2005 겨울,12,-5.3,2005
2005-12-21,2005 겨울,12,-9.6,2005
2005-12-22,2005 겨울,12,-11.2,2005
2005-12-23,2005 겨울,12,-6,2005
2005-12-24,2005 겨울,12,-7.2,2005
2005-12-25,2005 겨울,12,-4.8,2005
2005-12-26,2005 겨울,12,-11.7,2005
2005-12-27,2005 겨울,12,-10.6,2005
2005-12-28,2005 겨울,12,-6.8,2005
2005-12-29,2005 겨울,12,-4.4,2005
2005-12-30,2005 겨울,12,-1.2,2005
2005-12-31,2005 겨울,12,-1.2,2005
2006-01-01,2005 겨울,1,0.2,2006
2006-01-02,2005 겨울,1,-1.9,2006
2006-01-03,2005 겨울,1,-5.3,2006
2006-01-04,2005 겨울,1,-9.9,2006
2006-01-05,2005 겨울,1,-10.8,2006
2006-01-06,2005 겨울,1,-11.5,2006
2006-01-07,2005 겨울,1,-9.2,2006
2006-01-08,2005 겨울,1,-5.5,2006
2006-01-09,2005 겨울,1,-3.7,2006
2006-01-10,2005 겨울,1,-1.7,2006
2006-01-11,2005 겨울,1,-2.5,2006
2006-01-12,2005 겨울,1,-1.8,2006
2006-01-13,2005 겨울,1,2.2,2006
2006-01-14,2005 겨울,1,3.4,2006
2006-01-15,2005 겨울,1,2.5,2006
2006-01-16,2005 겨울,1,0.7,2006
2006-01-17,2005 겨울,1,0.2,2006
2006-01-18,2005 겨울,1,0.2,2006
2006-01-19,2005 겨울,1,0.4,2006
2006-01-20,2005 겨울,1,0.7,2006
2006-01-21,2005 겨울,1,-0.5,2006
2006-01-22,2005 겨울,1,-6.2,2006
2006-01-23,2005 겨울,1,-8.2,2006
2006-01-24,2005 겨울,1,-5.5,2006
2006-01-25,2005 겨울,1,-2.3,2006
2006-01-26,2005 겨울,1,-1.5,2006
2006-01-27,2005 겨울,1,-0.5,2006
2006-01-28,2005 겨울,1,0,2006
2006-01-29,2005 겨울,1,2.7,2006
2006-01-30,2005 겨울,1,4.1,2006
2006-01-31,2005 겨울,1,2.6,2006
2006-02-01,2005 겨울,2,-0.1,2006
2006-02-02,2005 겨울,2,-5.8,2006
2006-02-03,2005 겨울,2,-17.3,2006
2006-02-04,2005 겨울,2,-14.2,2006
2006-02-05,2005 겨울,2,-7.6,2006
2006-02-06,2005 겨울,2,-2.1,2006
2006-02-07,2005 겨울,2,-3.5,2006
2006-02-08,2005 겨울,2,-12.1,2006
2006-02-09,2005 겨울,2,-8.1,2006
2006-02-10,2005 겨울,2,-1.8,2006
2006-02-11,2005 겨울,2,-0.5,2006
2006-02-12,2005 겨울,2,-4.3,2006
2006-02-13,2005 겨울,2,2.6,2006
2006-02-14,2005 겨울,2,4.2,2006
2006-02-15,2005 겨울,2,3.8,2006
2006-02-16,2005 겨울,2,0.1,2006
2006-02-17,2005 겨울,2,-9.2,2006
2006-02-18,2005 겨울,2,-2.4,2006
2006-02-19,2005 겨울,2,1.8,2006
2006-02-20,2005 겨울,2,3.3,2006
2006-02-21,2005 겨울,2,3,2006
2006-02-22,2005 겨울,2,1.2,2006
2006-02-23,2005 겨울,2,-1.2,2006
2006-02-24,2005 겨울,2,3.3,2006
2006-02-25,2005 겨울,2,5.6,2006
2006-02-26,2005 겨울,2,-1.8,2006
2006-02-27,2005 겨울,2,-3.7,2006
2006-02-28,2005 겨울,2,1.4,2006
2006-12-01,2006 겨울,12,1.9,2006
2006-12-02,2006 겨울,12,-6.3,2006
2006-12-03,2006 겨울,12,-8,2006
2006-12-04,2006 겨울,12,-3.4,2006
2006-12-05,2006 겨울,12,0.8,2006
2006-12-06,2006 겨울,12,1,2006
2006-12-07,2006 겨울,12,4,2006
2006-12-08,2006 겨울,12,4.8,2006
2006-12-09,2006 겨울,12,0.6,2006
2006-12-10,2006 겨울,12,-2.6,2006
2006-12-11,2006 겨울,12,-0.2,2006
2006-12-12,2006 겨울,12,3.9,2006
2006-12-13,2006 겨울,12,4.8,2006
2006-12-14,2006 겨울,12,2.9,2006
2006-12-15,2006 겨울,12,2.4,2006
2006-12-16,2006 겨울,12,1.2,2006
2006-12-17,2006 겨울,12,-2.6,2006
2006-12-18,2006 겨울,12,-4,2006
2006-12-19,2006 겨울,12,-2.1,2006
2006-12-20,2006 겨울,12,3,2006
2006-12-21,2006 겨울,12,2.9,2006
2006-12-22,2006 겨울,12,3.1,2006
2006-12-23,2006 겨울,12,1.5,2006
2006-12-24,2006 겨울,12,1.7,2006
2006-12-25,2006 겨울,12,4.7,2006
2006-12-26,2006 겨울,12,6.3,2006
2006-12-27,2006 겨울,12,-1.3,2006
2006-12-28,2006 겨울,12,-13.6,2006
2006-12-29,2006 겨울,12,-11.4,2006
2006-12-30,2006 겨울,12,-5,2006
2006-12-31,2006 겨울,12,-0.2,2006
2007-01-01,2006 겨울,1,2.4,2007
2007-01-02,2006 겨울,1,2.4,2007
2007-01-03,2006 겨울,1,4.2,2007
2007-01-04,2006 겨울,1,4.4,2007
2007-01-05,2006 겨울,1,3.1,2007
2007-01-06,2006 겨울,1,-4.4,2007
2007-01-07,2006 겨울,1,-7.3,2007
2007-01-08,2006 겨울,1,-6.5,2007
2007-01-09,2006 겨울,1,-3.5,2007
2007-01-10,2006 겨울,1,-1.4,2007
2007-01-11,2006 겨울,1,-2.6,2007
2007-01-12,2006 겨울,1,-5.4,2007
2007-01-13,2006 겨울,1,-8.1,2007
2007-01-14,2006 겨울,1,-4.4,2007
2007-01-15,2006 겨울,1,-1.3,2007
2007-01-16,2006 겨울,1,1.2,2007
2007-01-17,2006 겨울,1,0.4,2007
2007-01-18,2006 겨울,1,-0.8,2007
2007-01-19,2006 겨울,1,-0.7,2007
2007-01-20,2006 겨울,1,0.3,2007
2007-01-21,2006 겨울,1,0.6,2007
2007-01-22,2006 겨울,1,-0.1,2007
2007-01-23,2006 겨울,1,0.8,2007
2007-01-24,2006 겨울,1,0.3,2007
2007-01-25,2006 겨울,1,0.3,2007
2007-01-26,2006 겨울,1,-0.7,2007
2007-01-27,2006 겨울,1,-1.3,2007
2007-01-28,2006 겨울,1,-1.4,2007
2007-01-29,2006 겨울,1,-0.3,2007
2007-01-30,2006 겨울,1,-3.5,2007
2007-01-31,2006 겨울,1,-7,2007
2007-02-01,2006 겨울,2,-9.7,2007
2007-02-02,2006 겨울,2,-7.9,2007
2007-02-03,2006 겨울,2,-2.7,2007
2007-02-04,2006 겨울,2,2.7,2007
2007-02-05,2006 겨울,2,3.3,2007
2007-02-06,2006 겨울,2,7.6,2007
2007-02-07,2006 겨울,2,6.8,2007
2007-02-08,2006 겨울,2,4.6,2007
2007-02-09,2006 겨울,2,2.8,2007
2007-02-10,2006 겨울,2,1.1,2007
2007-02-11,2006 겨울,2,-1,2007
2007-02-12,2006 겨울,2,2.2,2007
2007-02-13,2006 겨울,2,1.6,2007
2007-02-14,2006 겨울,2,-3.4,2007
2007-02-15,2006 겨울,2,-3.7,2007
2007-02-16,2006 겨울,2,1.7,2007
2007-02-17,2006 겨울,2,5.2,2007
2007-02-18,2006 겨울,2,4.7,2007
2007-02-19,2006 겨울,2,3.6,2007
2007-02-20,2006 겨울,2,4.8,2007
2007-02-21,2006 겨울,2,4.4,2007
2007-02-22,2006 겨울,2,6.1,2007
2007-02-23,2006 겨울,2,0.8,2007
2007-02-24,2006 겨울,2,2.7,2007
2007-02-25,2006 겨울,2,6.3,2007
2007-02-26,2006 겨울,2,7.3,2007
2007-02-27,2006 겨울,2,6.9,2007
2007-02-28,2006 겨울,2,6.4,2007
2007-12-01,2007 겨울,12,2.3,2007
2007-12-02,2007 겨울,12,3,2007
2007-12-03,2007 겨울,12,-1.4,2007
2007-12-04,2007 겨울,12,-6.3,2007
2007-12-05,2007 겨울,12,-4.3,2007
2007-12-06,2007 겨울,12,-1.5,2007
2007-12-07,2007 겨울,12,-0.3,2007
2007-12-08,2007 겨울,12,-1.5,2007
2007-12-09,2007 겨울,12,-0.2,2007
2007-12-10,2007 겨울,12,-0.1,2007
2007-12-11,2007 겨울,12,4.1,2007
2007-12-12,2007 겨울,12,3.3,2007
2007-12-13,2007 겨울,12,-1.5,2007
2007-12-14,2007 겨울,12,-2.7,2007
2007-12-15,2007 겨울,12,-0.8,2007
2007-12-16,2007 겨울,12,-1.3,2007
2007-12-17,2007 겨울,12,1,2007
2007-12-18,2007 겨울,12,-0.7,2007
2007-12-19,2007 겨울,12,-0.6,2007
2007-12-20,2007 겨울,12,1.6,2007
2007-12-21,2007 겨울,12,1.1,2007
2007-12-22,2007 겨울,12,4.3,2007
2007-12-23,2007 겨울,12,1.8,2007
2007-12-24,2007 겨울,12,2,2007
2007-12-25,2007 겨울,12,4,2007
2007-12-26,2007 겨울,12,7,2007
2007-12-27,2007 겨울,12,5.3,2007
2007-12-28,2007 겨울,12,3.7,2007
2007-12-29,2007 겨울,12,-4.2,2007
2007-12-30,2007 겨울,12,-12,2007
2007-12-31,2007 겨울,12,-10.6,2007
2008-01-01,2007 겨울,1,-11.3,2008
2008-01-02,2007 겨울,1,-6.1,2008
2008-01-03,2007 겨울,1,-1.2,2008
2008-01-04,2007 겨울,1,-2.3,2008
2008-01-05,2007 겨울,1,0.5,2008
2008-01-06,2007 겨울,1,3,2008
2008-01-07,2007 겨울,1,1.9,2008
2008-01-08,2007 겨울,1,0.3,2008
2008-01-09,2007 겨울,1,-0.1,2008
2008-01-10,2007 겨울,1,-1.4,2008
2008-01-11,2007 겨울,1,-1.1,2008
2008-01-12,2007 겨울,1,-0.9,2008
2008-01-13,2007 겨울,1,-7.2,2008
2008-01-14,2007 겨울,1,-4.7,2008
2008-01-15,2007 겨울,1,-7.4,2008
2008-01-16,2007 겨울,1,-11.3,2008
2008-01-17,2007 겨울,1,-10.4,2008
2008-01-18,2007 겨울,1,-7,2008
2008-01-19,2007 겨울,1,-4.2,2008
2008-01-20,2007 겨울,1,0.3,2008
2008-01-21,2007 겨울,1,-1.9,2008
2008-01-22,2007 겨울,1,-1.7,2008
2008-01-23,2007 겨울,1,-6,2008
2008-01-24,2007 겨울,1,-12.6,2008
2008-01-25,2007 겨울,1,-8.8,2008
2008-01-26,2007 겨울,1,-4,2008
2008-01-27,2007 겨울,1,-2.5,2008
2008-01-28,2007 겨울,1,-2.3,2008
2008-01-29,2007 겨울,1,-2,2008
2008-01-30,2007 겨울,1,-5.9,2008
2008-01-31,2007 겨울,1,-8.1,2008
2008-02-01,2007 겨울,2,-5.8,2008
2008-02-02,2007 겨울,2,-2.7,2008
2008-02-03,2007 겨울,2,-2.5,2008
2008-02-04,2007 겨울,2,-5.9,2008
2008-02-05,2007 겨울,2,-6.3,2008
2008-02-06,2007 겨울,2,-6,2008
2008-02-07,2007 겨울,2,-7.3,2008
2008-02-08,2007 겨울,2,-5.2,2008
2008-02-09,2007 겨울,2,-4.5,2008
2008-02-10,2007 겨울,2,-3.3,2008
2008-02-11,2007 겨울,2,-2.8,2008
2008-02-12,2007 겨울,2,-11.7,2008
2008-02-13,2007 겨울,2,-9.7,2008
2008-02-14,2007 겨울,2,-4.6,2008
2008-02-15,2007 겨울,2,-7.4,2008
2008-02-16,2007 겨울,2,-7.1,2008
2008-02-17,2007 겨울,2,-4.8,2008
2008-02-18,2007 겨울,2,-3.6,2008
2008-02-19,2007 겨울,2,-1.9,2008
2008-02-20,2007 겨울,2,0.7,2008
2008-02-21,2007 겨울,2,2.4,2008
2008-02-22,2007 겨울,2,4.3,2008
2008-02-23,2007 겨울,2,-6.6,2008
2008-02-24,2007 겨울,2,-4.4,2008
2008-02-25,2007 겨울,2,-2.5,2008
2008-02-26,2007 겨울,2,-4.1,2008
2008-02-27,2007 겨울,2,-1.5,2008
2008-02-28,2007 겨울,2,1.1,2008
2008-02-29,2007 겨울,2,2.5,2008
2008-12-01,2008 겨울,12,6.3,2008
2008-12-02,2008 겨울,12,7.9,2008
2008-12-03,2008 겨울,12,5.8,2008
2008-12-04,2008 겨울,12,4,2008
2008-12-05,2008 겨울,12,-12.4,2008
2008-12-06,2008 겨울,12,-13.7,2008
2008-12-07,2008 겨울,12,-7,2008
2008-12-08,2008 겨울,12,3.4,2008
2008-12-09,2008 겨울,12,7.2,2008
2008-12-10,2008 겨울,12,9,2008
2008-12-11,2008 겨울,12,1.6,2008
2008-12-12,2008 겨울,12,4,2008
2008-12-13,2008 겨울,12,-0.4,2008
2008-12-14,2008 겨울,12,-3.9,2008
2008-12-15,2008 겨울,12,0.9,2008
2008-12-16,2008 겨울,12,2.3,2008
2008-12-17,2008 겨울,12,5.4,2008
2008-12-18,2008 겨울,12,-2.5,2008
2008-12-19,2008 겨울,12,-0.6,2008
2008-12-20,2008 겨울,12,-0.4,2008
2008-12-21,2008 겨울,12,-2.6,2008
2008-12-22,2008 겨울,12,-8.9,2008
2008-12-23,2008 겨울,12,-2.7,2008
2008-12-24,2008 겨울,12,0.1,2008
2008-12-25,2008 겨울,12,-5,2008
2008-12-26,2008 겨울,12,-9.5,2008
2008-12-27,2008 겨울,12,-4.7,2008
2008-12-28,2008 겨울,12,-0.7,2008
2008-12-29,2008 겨울,12,-1.2,2008
2008-12-30,2008 겨울,12,-7.3,2008
2008-12-31,2008 겨울,12,-9.9,2008
2009-01-01,2008 겨울,1,-9.3,2009
2009-01-02,2008 겨울,1,-4.5,2009
2009-01-03,2008 겨울,1,-2.9,2009
2009-01-04,2008 겨울,1,-1.2,2009
2009-01-05,2008 겨울,1,-3.4,2009
2009-01-06,2008 겨울,1,-3.8,2009
2009-01-07,2008 겨울,1,-2.2,2009
2009-01-08,2008 겨울,1,-2.4,2009
2009-01-09,2008 겨울,1,-6.7,2009
2009-01-10,2008 겨울,1,-12.1,2009
2009-01-11,2008 겨울,1,-11.8,2009
2009-01-12,2008 겨울,1,-13.4,2009
2009-01-13,2008 겨울,1,-8.5,2009
2009-01-14,2008 겨울,1,-10.6,2009
2009-01-15,2008 겨울,1,-9.7,2009
2009-01-16,2008 겨울,1,-5,2009
2009-01-17,2008 겨울,1,-4.3,2009
2009-01-18,2008 겨울,1,0.6,2009
2009-01-19,2008 겨울,1,-1.8,2009
2009-01-20,2008 겨울,1,0.6,2009
2009-01-21,2008 겨울,1,2.4,2009
2009-01-22,2008 겨울,1,1.9,2009
2009-01-23,2008 겨울,1,-14.5,2009
2009-01-24,2008 겨울,1,-11.8,2009
2009-01-25,2008 겨울,1,-7.7,2009
2009-01-26,2008 겨울,1,-5.6,2009
2009-01-27,2008 겨울,1,-4.3,2009
2009-01-28,2008 겨울,1,-0.3,2009
2009-01-29,2008 겨울,1,2.1,2009
2009-01-30,2008 겨울,1,3.7,2009
2009-01-31,2008 겨울,1,4.6,2009
2009-02-01,2008 겨울,2,3.8,2009
2009-02-02,2008 겨울,2,3.8,2009
2009-02-03,2008 겨울,2,4.9,2009
2009-02-04,2008 겨울,2,3.1,2009
2009-02-05,2008 겨울,2,3.1,2009
2009-02-06,2008 겨울,2,2.2,2009
2009-02-07,2008 겨울,2,1.5,2009
2009-02-08,2008 겨울,2,1.6,2009
2009-02-09,2008 겨울,2,3.2,2009
2009-02-10,2008 겨울,2,2.4,2009
2009-02-11,2008 겨울,2,4.3,2009
2009-02-12,2008 겨울,2,4.2,2009
2009-02-13,2008 겨울,2,9.3,2009
2009-02-14,2008 겨울,2,1.9,2009
2009-02-15,2008 겨울,2,-4.5,2009
2009-02-16,2008 겨울,2,-11,2009
2009-02-17,2008 겨울,2,-7.4,2009
2009-02-18,2008 겨울,2,-4.9,2009
2009-02-19,2008 겨울,2,-1.6,2009
2009-02-20,2008 겨울,2,-6.2,2009
2009-02-21,2008 겨울,2,-4.9,2009
2009-02-22,2008 겨울,2,1.8,2009
2009-02-23,2008 겨울,2,4.9,2009
2009-02-24,2008 겨울,2,6.8,2009
2009-02-25,2008 겨울,2,0.9,2009
2009-02-26,2008 겨울,2,-0.1,2009
2009-02-27,2008 겨울,2,2,2009
2009-02-28,2008 겨울,2,4.1,2009
2009-12-01,2009 겨울,12,5.5,2009
2009-12-02,2009 겨울,12,5.1,2009
2009-12-03,2009 겨울,12,3.5,2009
2009-12-04,2009 겨울,12,3,2009
2009-12-05,2009 겨울,12,-3.1,2009
2009-12-06,2009 겨울,12,-6.8,2009
2009-12-07,2009 겨울,12,-1.5,2009
2009-12-08,2009 겨울,12,-0.3,2009
2009-12-09,2009 겨울,12,3.6,2009
2009-12-10,2009 겨울,12,5.9,2009
2009-12-11,2009 겨울,12,6.7,2009
2009-12-12,2009 겨울,12,3.6,2009
2009-12-13,2009 겨울,12,0.2,2009
2009-12-14,2009 겨울,12,-3.2,2009
2009-12-15,2009 겨울,12,-7.8,2009
2009-12-16,2009 겨울,12,-10.1,2009
2009-12-17,2009 겨울,12,-11.7,2009
2009-12-18,2009 겨울,12,-14.4,2009
2009-12-19,2009 겨울,12,-12.9,2009
2009-12-20,2009 겨울,12,-8.2,2009
2009-12-21,2009 겨울,12,-5.7,2009
2009-12-22,2009 겨울,12,1,2009
2009-12-23,2009 겨울,12,3.7,2009
2009-12-24,2009 겨울,12,1.4,2009
2009-12-25,2009 겨울,12,-1.3,2009
2009-12-26,2009 겨울,12,-12.5,2009
2009-12-27,2009 겨울,12,-10.4,2009
2009-12-28,2009 겨울,12,-11.8,2009
2009-12-29,2009 겨울,12,-9.5,2009
2009-12-30,2009 겨울,12,-7.5,2009
2009-12-31,2009 겨울,12,-16.3,2009
2010-01-01,2009 겨울,1,-10.7,2010
2010-01-02,2009 겨울,1,-6.6,2010
2010-01-03,2009 겨울,1,-10.5,2010
2010-01-04,2009 겨울,1,-9.7,2010
2010-01-05,2009 겨울,1,-14,2010
2010-01-06,2009 겨울,1,-14.2,2010
2010-01-07,2009 겨울,1,-12.6,2010
2010-01-08,2009 겨울,1,-10.4,2010
2010-01-09,2009 겨울,1,-7.1,2010
2010-01-10,2009 겨울,1,-5.2,2010
2010-01-11,2009 겨울,1,-7.5,2010
2010-01-12,2009 겨울,1,-14.6,2010
2010-01-13,2009 겨울,1,-18.8,2010
2010-01-14,2009 겨울,1,-12.7,2010
2010-01-15,2009 겨울,1,-7.9,2010
2010-01-16,2009 겨울,1,-9.2,2010
2010-01-17,2009 겨울,1,-5.5,2010
2010-01-18,2009 겨울,1,-2.5,2010
2010-01-19,2009 겨울,1,0.8,2010
2010-01-20,2009 겨울,1,5.3,2010
2010-01-21,2009 겨울,1,-7.8,2010
2010-01-22,2009 겨울,1,-11.6,2010
2010-01-23,2009 겨울,1,-8.1,2010
2010-01-24,2009 겨울,1,-2.7,2010
2010-01-25,2009 겨울,1,-5.8,2010
2010-01-26,2009 겨울,1,-6.6,2010
2010-01-27,2009 겨울,1,-2.9,2010
2010-01-28,2009 겨울,1,-3.2,2010
2010-01-29,2009 겨울,1,-5.4,2010
2010-01-30,2009 겨울,1,-0.1,2010
2010-01-31,2009 겨울,1,0.8,2010
2010-02-01,2009 겨울,2,-1.2,2010
2010-02-02,2009 겨울,2,-10.3,2010
2010-02-03,2009 겨울,2,-13.2,2010
2010-02-04,2009 겨울,2,-8.1,2010
2010-02-05,2009 겨울,2,-9.1,2010
2010-02-06,2009 겨울,2,-8,2010
2010-02-07,2009 겨울,2,-1.6,2010
2010-02-08,2009 겨울,2,3.2,2010
2010-02-09,2009 겨울,2,3.1,2010
2010-02-10,2009 겨울,2,2.7,2010
2010-02-11,2009 겨울,2,-2.1,2010
2010-02-12,2009 겨울,2,-2.4,2010
2010-02-13,2009 겨울,2,-5.5,2010
2010-02-14,2009 겨울,2,-3.7,2010
2010-02-15,2009 겨울,2,-5.8,2010
2010-02-16,2009 겨울,2,-8.2,2010
2010-02-17,2009 겨울,2,-5.6,2010
2010-02-18,2009 겨울,2,-6,2010
2010-02-19,2009 겨울,2,-3.7,2010
2010-02-20,2009 겨울,2,1.7,2010
2010-02-21,2009 겨울,2,3.1,2010
2010-02-22,2009 겨울,2,5.3,2010
2010-02-23,2009 겨울,2,6.8,2010
2010-02-24,2009 겨울,2,11.3,2010
2010-02-25,2009 겨울,2,12.2,2010
2010-02-26,2009 겨울,2,11.6,2010
2010-02-27,2009 겨울,2,7.6,2010
2010-02-28,2009 겨울,2,5.5,2010
2010-12-01,2010 겨울,12,6.2,2010
2010-12-02,2010 겨울,12,8.1,2010
2010-12-03,2010 겨울,12,-3.4,2010
2010-12-04,2010 겨울,12,-1.4,2010
2010-12-05,2010 겨울,12,6.9,2010
2010-12-06,2010 겨울,12,1.4,2010
2010-12-07,2010 겨울,12,-3.3,2010
2010-12-08,2010 겨울,12,-1.3,2010
2010-12-09,2010 겨울,12,-4.2,2010
2010-12-10,2010 겨울,12,-1.1,2010
2010-12-11,2010 겨울,12,-6.7,2010
2010-12-12,2010 겨울,12,-5.5,2010
2010-12-13,2010 겨울,12,2,2010
2010-12-14,2010 겨울,12,-7.8,2010
2010-12-15,2010 겨울,12,-16.3,2010
2010-12-16,2010 겨울,12,-11.1,2010
2010-12-17,2010 겨울,12,-5.7,2010
2010-12-18,2010 겨울,12,-2.8,2010
2010-12-19,2010 겨울,12,2.6,2010
2010-12-20,2010 겨울,12,3.3,2010
2010-12-21,2010 겨울,12,3.7,2010
2010-12-22,2010 겨울,12,3.1,2010
2010-12-23,2010 겨울,12,-4.7,2010
2010-12-24,2010 겨울,12,-18.7,2010
2010-12-25,2010 겨울,12,-17.6,2010
2010-12-26,2010 겨울,12,-14,2010
2010-12-27,2010 겨울,12,-8.8,2010
2010-12-28,2010 겨울,12,-5.1,2010
2010-12-29,2010 겨울,12,-8.9,2010
2010-12-30,2010 겨울,12,-10.7,2010
2010-12-31,2010 겨울,12,-13.2,2010
2011-01-01,2010 겨울,1,-9.3,2011
2011-01-02,2010 겨울,1,-7.4,2011
2011-01-03,2010 겨울,1,-6.5,2011
2011-01-04,2010 겨울,1,-6.6,2011
2011-01-05,2010 겨울,1,-7.7,2011
2011-01-06,2010 겨울,1,-11.8,2011
2011-01-07,2010 겨울,1,-9.9,2011
2011-01-08,2010 겨울,1,-6.9,2011
2011-01-09,2010 겨울,1,-11.4,2011
2011-01-10,2010 겨울,1,-11.9,2011
2011-01-11,2010 겨울,1,-8.4,2011
2011-01-12,2010 겨울,1,-13.1,2011
2011-01-13,2010 겨울,1,-8.9,2011
2011-01-14,2010 겨울,1,-7.6,2011
2011-01-15,2010 겨울,1,-18.5,2011
2011-01-16,2010 겨울,1,-20.8,2011
2011-01-17,2010 겨울,1,-13.6,2011
2011-01-18,2010 겨울,1,-9.9,2011
2011-01-19,2010 겨울,1,-9.9,2011
2011-01-20,2010 겨울,1,-11.8,2011
2011-01-21,2010 겨울,1,-10.4,2011
2011-01-22,2010 겨울,1,-7.4,2011
2011-01-23,2010 겨울,1,-7.5,2011
2011-01-24,2010 겨울,1,-13,2011
2011-01-25,2010 겨울,1,-12.2,2011
2011-01-26,2010 겨울,1,-12.9,2011
2011-01-27,2010 겨울,1,-13.7,2011
2011-01-28,2010 겨울,1,-11.3,2011
2011-01-29,2010 겨울,1,-13.8,2011
2011-01-30,2010 겨울,1,-15.7,2011
2011-01-31,2010 겨울,1,-9.3,2011
2011-02-01,2010 겨울,2,-2,2011
2011-02-02,2010 겨울,2,0,2011
2011-02-03,2010 겨울,2,0.6,2011
2011-02-04,2010 겨울,2,-0.4,2011
2011-02-05,2010 겨울,2,-0.3,2011
2011-02-06,2010 겨울,2,-1.1,2011
2011-02-07,2010 겨울,2,-1.4,2011
2011-02-08,2010 겨울,2,1.3,2011
2011-02-09,2010 겨울,2,-4.4,2011
2011-02-10,2010 겨울,2,-4.8,2011
2011-02-11,2010 겨울,2,-6.2,2011
2011-02-12,2010 겨울,2,-10.4,2011
2011-02-13,2010 겨울,2,-8.1,2011
2011-02-14,2010 겨울,2,-5.7,2011
2011-02-15,2010 겨울,2,-4.2,2011
2011-02-16,2010 겨울,2,-2.2,2011
2011-02-17,2010 겨울,2,-1.3,2011
2011-02-18,2010 겨울,2,-0.3,2011
2011-02-19,2010 겨울,2,-0.5,2011
2011-02-20,2010 겨울,2,3.6,2011
2011-02-21,2010 겨울,2,4.3,2011
2011-02-22,2010 겨울,2,5.1,2011
2011-02-23,2010 겨울,2,4.2,2011
2011-02-24,2010 겨울,2,5,2011
2011-02-25,2010 겨울,2,-0.5,2011
2011-02-26,2010 겨울,2,3.3,2011
2011-02-27,2010 겨울,2,1.1,2011
2011-02-28,2010 겨울,2,-0.7,2011
2011-12-01,2011 겨울,12,3.4,2011
2011-12-02,2011 겨울,12,2.7,2011
2011-12-03,2011 겨울,12,3.8,2011
2011-12-04,2011 겨울,12,0.9,2011
2011-12-05,2011 겨울,12,-0.6,2011
2011-12-06,2011 겨울,12,2.3,2011
2011-12-07,2011 겨울,12,2.2,2011
2011-12-08,2011 겨울,12,-2.8,2011
2011-12-09,2011 겨울,12,-5.8,2011
2011-12-10,2011 겨울,12,-4.1,2011
2011-12-11,2011 겨울,12,1,2011
2011-12-12,2011 겨울,12,2.3,2011
2011-12-13,2011 겨울,12,0.2,2011
2011-12-14,2011 겨울,12,0.7,2011
2011-12-15,2011 겨울,12,-8,2011
2011-12-16,2011 겨울,12,-11.7,2011
2011-12-17,2011 겨울,12,-8,2011
2011-12-18,2011 겨울,12,-4.3,2011
2011-12-19,2011 겨울,12,-4.5,2011
2011-12-20,2011 겨울,12,-2.2,2011
2011-12-21,2011 겨울,12,-0.7,2011
2011-12-22,2011 겨울,12,-10,2011
2011-12-23,2011 겨울,12,-8.7,2011
2011-12-24,2011 겨울,12,-9.1,2011
2011-12-25,2011 겨울,12,-12.2,2011
2011-12-26,2011 겨울,12,-11.3,2011
2011-12-27,2011 겨울,12,-6.6,2011
2011-12-28,2011 겨울,12,-2.5,2011
2011-12-29,2011 겨울,12,-4,2011
2011-12-30,2011 겨울,12,-4.7,2011
2011-12-31,2011 겨울,12,-3.6,2011
2012-01-01,2011 겨울,1,-5.5,2012
2012-01-02,2011 겨울,1,-7.9,2012
2012-01-03,2011 겨울,1,-7.3,2012
2012-01-04,2011 겨울,1,-11.6,2012
2012-01-05,2011 겨울,1,-7.4,2012
2012-01-06,2011 겨울,1,-5.3,2012
2012-01-07,2011 겨울,1,-5.4,2012
2012-01-08,2011 겨울,1,-4,2012
2012-01-09,2011 겨울,1,-2,2012
2012-01-10,2011 겨울,1,-5.2,2012
2012-01-11,2011 겨울,1,-9.9,2012
2012-01-12,2011 겨울,1,-8.1,2012
2012-01-13,2011 겨울,1,-3.2,2012
2012-01-14,2011 겨울,1,-3.5,2012
2012-01-15,2011 겨울,1,-5.2,2012
2012-01-16,2011 겨울,1,-0.4,2012
2012-01-17,2011 겨울,1,1.7,2012
2012-01-18,2011 겨울,1,-0.1,2012
2012-01-19,2011 겨울,1,3,2012
2012-01-20,2011 겨울,1,3.2,2012
2012-01-21,2011 겨울,1,0.8,2012
2012-01-22,2011 겨울,1,-12.3,2012
2012-01-23,2011 겨울,1,-14.8,2012
2012-01-24,2011 겨울,1,-11,2012
2012-01-25,2011 겨울,1,-12.2,2012
2012-01-26,2011 겨울,1,-6.7,2012
2012-01-27,2011 겨울,1,-3.6,2012
2012-01-28,2011 겨울,1,-4.2,2012
2012-01-29,2011 겨울,1,-5.7,2012
2012-01-30,2011 겨울,1,-9.2,2012
2012-01-31,2011 겨울,1,-8.2,2012
2012-02-01,2011 겨울,2,-18.2,2012
2012-02-02,2011 겨울,2,-19.9,2012
2012-02-03,2011 겨울,2,-13,2012
2012-02-04,2011 겨울,2,-5.2,2012
2012-02-05,2011 겨울,2,-2,2012
2012-02-06,2011 겨울,2,-1.2,2012
2012-02-07,2011 겨울,2,-14,2012
2012-02-08,2011 겨울,2,-13.1,2012
2012-02-09,2011 겨울,2,-7.3,2012
2012-02-10,2011 겨울,2,-5.8,2012
2012-02-11,2011 겨울,2,-7.2,2012
2012-02-12,2011 겨울,2,-1.8,2012
2012-02-13,2011 겨울,2,1.6,2012
2012-02-14,2011 겨울,2,1.5,2012
2012-02-15,2011 겨울,2,-4.7,2012
2012-02-16,2011 겨울,2,-6.2,2012
2012-02-17,2011 겨울,2,-11.5,2012
2012-02-18,2011 겨울,2,-11.4,2012
2012-02-19,2011 겨울,2,-7.4,2012
2012-02-20,2011 겨울,2,-3.1,2012
2012-02-21,2011 겨울,2,0.6,2012
2012-02-22,2011 겨울,2,3.5,2012
2012-02-23,2011 겨울,2,2.7,2012
2012-02-24,2011 겨울,2,2.1,2012
2012-02-25,2011 겨울,2,-1.8,2012
2012-02-26,2011 겨울,2,-5.1,2012
2012-02-27,2011 겨울,2,-3.1,2012
2012-02-28,2011 겨울,2,0.2,2012
2012-02-29,2011 겨울,2,3.9,2012
2012-12-01,2012 겨울,12,-2.5,2012
2012-12-02,2012 겨울,12,1.1,2012
2012-12-03,2012 겨울,12,-0.7,2012
2012-12-04,2012 겨울,12,-7.1,2012
2012-12-05,2012 겨울,12,-7.2,2012
2012-12-06,2012 겨울,12,-9.4,2012
2012-12-07,2012 겨울,12,-9.5,2012
2012-12-08,2012 겨울,12,-12,2012
2012-12-09,2012 겨울,12,-14.9,2012
2012-12-10,2012 겨울,12,-10.9,2012
2012-12-11,2012 겨울,12,-9.7,2012
2012-12-12,2012 겨울,12,-6.8,2012
2012-12-13,2012 겨울,12,-5.1,2012
2012-12-14,2012 겨울,12,-1.1,2012
2012-12-15,2012 겨울,12,3.4,2012
2012-12-16,2012 겨울,12,0.1,2012
2012-12-17,2012 겨울,12,-3.2,2012
2012-12-18,2012 겨울,12,-11.3,2012
2012-12-19,2012 겨울,12,-10.2,2012
2012-12-20,2012 겨울,12,-6.4,2012
2012-12-21,2012 겨울,12,-3,2012
2012-12-22,2012 겨울,12,-6.1,2012
2012-12-23,2012 겨울,12,-14.4,2012
2012-12-24,2012 겨울,12,-12.4,2012
2012-12-25,2012 겨울,12,-12.8,2012
2012-12-26,2012 겨울,12,-14.9,2012
2012-12-27,2012 겨울,12,-8.2,2012
2012-12-28,2012 겨울,12,-2.6,2012
2012-12-29,2012 겨울,12,-2.1,2012
2012-12-30,2012 겨울,12,-12.4,2012
2012-12-31,2012 겨울,12,-11.7,2012
2013-01-01,2012 겨울,1,-8.9,2013
2013-01-02,2012 겨울,1,-16.6,2013
2013-01-03,2012 겨울,1,-18.7,2013
2013-01-04,2012 겨울,1,-13.5,2013
2013-01-05,2012 겨울,1,-10.4,2013
2013-01-06,2012 겨울,1,-8.2,2013
2013-01-07,2012 겨울,1,-7.4,2013
2013-01-08,2012 겨울,1,-6.7,2013
2013-01-09,2012 겨울,1,-13.1,2013
2013-01-10,2012 겨울,1,-11.9,2013
2013-01-11,2012 겨울,1,-6.4,2013
2013-01-12,2012 겨울,1,-2.4,2013
2013-01-13,2012 겨울,1,-2.1,2013
2013-01-14,2012 겨울,1,-3.8,2013
2013-01-15,2012 겨울,1,-4.5,2013
2013-01-16,2012 겨울,1,-4.9,2013
2013-01-17,2012 겨울,1,-9.6,2013
2013-01-18,2012 겨울,1,-7,2013
2013-01-19,2012 겨울,1,-1.4,2013
2013-01-20,2012 겨울,1,-1.3,2013
2013-01-21,2012 겨울,1,-1,2013
2013-01-22,2012 겨울,1,2.3,2013
2013-01-23,2012 겨울,1,-0.6,2013
2013-01-24,2012 겨울,1,-4.1,2013
2013-01-25,2012 겨울,1,-14.9,2013
2013-01-26,2012 겨울,1,-14.7,2013
2013-01-27,2012 겨울,1,-11,2013
2013-01-28,2012 겨울,1,-6,2013
2013-01-29,2012 겨울,1,-0.6,2013
2013-01-30,2012 겨울,1,4.1,2013
2013-01-31,2012 겨울,1,5.8,2013
2013-02-01,2012 겨울,2,5.8,2013
2013-02-02,2012 겨울,2,-4.4,2013
2013-02-03,2012 겨울,2,-6.8,2013
2013-02-04,2012 겨울,2,-3.3,2013
2013-02-05,2012 겨울,2,-3.2,2013
2013-02-06,2012 겨울,2,-4.9,2013
2013-02-07,2012 겨울,2,-17.1,2013
2013-02-08,2012 겨울,2,-16.1,2013
2013-02-09,2012 겨울,2,-9.8,2013
2013-02-10,2012 겨울,2,-6.5,2013
2013-02-11,2012 겨울,2,-9.1,2013
2013-02-12,2012 겨울,2,-6.4,2013
2013-02-13,2012 겨울,2,-3.4,2013
2013-02-14,2012 겨울,2,-1.1,2013
2013-02-15,2012 겨울,2,-4.2,2013
2013-02-16,2012 겨울,2,-5.3,2013
2013-02-17,2012 겨울,2,-0.3,2013
2013-02-18,2012 겨울,2,-2.1,2013
2013-02-19,2012 겨울,2,-6.6,2013
2013-02-20,2012 겨울,2,-8.6,2013
2013-02-21,2012 겨울,2,-4.2,2013
2013-02-22,2012 겨울,2,-1.9,2013
2013-02-23,2012 겨울,2,-4.6,2013
2013-02-24,2012 겨울,2,-0.4,2013
2013-02-25,2012 겨울,2,1.9,2013
2013-02-26,2012 겨울,2,2.7,2013
2013-02-27,2012 겨울,2,1.3,2013
2013-02-28,2012 겨울,2,4.5,2013
2013-12-01,2013 겨울,12,3.4,2013
2013-12-02,2013 겨울,12,2.5,2013
2013-12-03,2013 겨울,12,6.2,2013
2013-12-04,2013 겨울,12,4.5,2013
2013-12-05,2013 겨울,12,4.4,2013
2013-12-06,2013 겨울,12,0.6,2013
2013-12-07,2013 겨울,12,5.4,2013
2013-12-08,2013 겨울,12,2,2013
2013-12-09,2013 겨울,12,1.8,2013
2013-12-10,2013 겨울,12,-2.5,2013
2013-12-11,2013 겨울,12,-5.1,2013
2013-12-12,2013 겨울,12,-6.1,2013
2013-12-13,2013 겨울,12,-10.1,2013
2013-12-14,2013 겨울,12,-6.3,2013
2013-12-15,2013 겨울,12,-6.3,2013
2013-12-16,2013 겨울,12,-5.7,2013
2013-12-17,2013 겨울,12,-1.9,2013
2013-12-18,2013 겨울,12,0.8,2013
2013-12-19,2013 겨울,12,-7.5,2013
2013-12-20,2013 겨울,12,-7.7,2013
2013-12-21,2013 겨울,12,-4.9,2013
2013-12-22,2013 겨울,12,-4.4,2013
2013-12-23,2013 겨울,12,-3.1,2013
2013-12-24,2013 겨울,12,-3.3,2013
2013-12-25,2013 겨울,12,-2.5,2013
2013-12-26,2013 겨울,12,-2.6,2013
2013-12-27,2013 겨울,12,-11.1,2013
2013-12-28,2013 겨울,12,-9.3,2013
2013-12-29,2013 겨울,12,-5.2,2013
2013-12-30,2013 겨울,12,-0.2,2013
2013-12-31,2013 겨울,12,1.6,2013
2014-01-01,2013 겨울,1,1.5,2014
2014-01-02,2013 겨울,1,0.3,2014
2014-01-03,2013 겨울,1,0.2,2014
2014-01-04,2013 겨울,1,-2.3,2014
2014-01-05,2013 겨울,1,-2.7,2014
2014-01-06,2013 겨울,1,-0.7,2014
2014-01-07,2013 겨울,1,1.6,2014
2014-01-08,2013 겨울,1,-1.7,2014
2014-01-09,2013 겨울,1,-12.2,2014
2014-01-10,2013 겨울,1,-7.4,2014
2014-01-11,2013 겨울,1,-3.8,2014
2014-01-12,2013 겨울,1,-5.3,2014
2014-01-13,2013 겨울,1,-10.5,2014
2014-01-14,2013 겨울,1,-7,2014
2014-01-15,2013 겨울,1,-4.8,2014
2014-01-16,2013 겨울,1,-2,2014
2014-01-17,2013 겨울,1,-1.6,2014
2014-01-18,2013 겨울,1,-4.8,2014
2014-01-19,2013 겨울,1,-4.3,2014
2014-01-20,2013 겨울,1,-4.7,2014
2014-01-21,2013 겨울,1,-8.5,2014
2014-01-22,2013 겨울,1,-6.2,2014
2014-01-23,2013 겨울,1,-3.1,2014
2014-01-24,2013 겨울,1,0.2,2014
2014-01-25,2013 겨울,1,3,2014
2014-01-26,2013 겨울,1,-5,2014
2014-01-27,2013 겨울,1,-2.7,2014
2014-01-28,2013 겨울,1,-0.4,2014
2014-01-29,2013 겨울,1,-0.6,2014
2014-01-30,2013 겨울,1,2.4,2014
2014-01-31,2013 겨울,1,-1.2,2014
2014-02-01,2013 겨울,2,2.3,2014
2014-02-02,2013 겨울,2,3.9,2014
2014-02-03,2013 겨울,2,-7.2,2014
2014-02-04,2013 겨울,2,-12.1,2014
2014-02-05,2013 겨울,2,-7.8,2014
2014-02-06,2013 겨울,2,-3.1,2014
2014-02-07,2013 겨울,2,-1.5,2014
2014-02-08,2013 겨울,2,-3.4,2014
2014-02-09,2013 겨울,2,-4.4,2014
2014-02-10,2013 겨울,2,-2.5,2014
2014-02-11,2013 겨울,2,-3,2014
2014-02-12,2013 겨울,2,-1.1,2014
2014-02-13,2013 겨울,2,-0.1,2014
2014-02-14,2013 겨울,2,0.3,2014
2014-02-15,2013 겨울,2,0.4,2014
2014-02-16,2013 겨울,2,1.6,2014
2014-02-17,2013 겨울,2,3.1,2014
2014-02-18,2013 겨울,2,-0.3,2014
2014-02-19,2013 겨울,2,-0.4,2014
2014-02-20,2013 겨울,2,-1,2014
2014-02-21,2013 겨울,2,-1.4,2014
2014-02-22,2013 겨울,2,1,2014
2014-02-23,2013 겨울,2,1.7,2014
2014-02-24,2013 겨울,2,2.6,2014
2014-02-25,2013 겨울,2,4.5,2014
2014-02-26,2013 겨울,2,7.3,2014
2014-02-27,2013 겨울,2,7,2014
2014-02-28,2013 겨울,2,5.1,2014
2014-12-01,2014 겨울,12,-4.8,2014
2014-12-02,2014 겨울,12,-11.1,2014
2014-12-03,2014 겨울,12,-5.4,2014
2014-12-04,2014 겨울,12,-7.5,2014
2014-12-05,2014 겨울,12,-11.2,2014
2014-12-06,2014 겨울,12,-9,2014
2014-12-07,2014 겨울,12,-5.4,2014
2014-12-08,2014 겨울,12,-3.6,2014
2014-12-09,2014 겨울,12,-4,2014
2014-12-10,2014 겨울,12,-0.7,2014
2014-12-11,2014 겨울,12,-4.2,2014
2014-12-12,2014 겨울,12,-6,2014
2014-12-13,2014 겨울,12,-8.6,2014
2014-12-14,2014 겨울,12,-5.6,2014
2014-12-15,2014 겨울,12,-3.1,2014
2014-12-16,2014 겨울,12,-9.2,2014
2014-12-17,2014 겨울,12,-15.3,2014
2014-12-18,2014 겨울,12,-11.9,2014
2014-12-19,2014 겨울,12,-8.5,2014
2014-12-20,2014 겨울,12,-5.1,2014
2014-12-21,2014 겨울,12,-9.2,2014
2014-12-22,2014 겨울,12,-7.6,2014
2014-12-23,2014 겨울,12,-4.9,2014
2014-12-24,2014 겨울,12,0,2014
2014-12-25,2014 겨울,12,-5,2014
2014-12-26,2014 겨울,12,-5.3,2014
2014-12-27,2014 겨울,12,-3.5,2014
2014-12-28,2014 겨울,12,-3.2,2014
2014-12-29,2014 겨울,12,0.6,2014
2014-12-30,2014 겨울,12,0.3,2014
2014-12-31,2014 겨울,12,-4.8,2014
2015-01-01,2014 겨울,1,-13.7,2015
2015-01-02,2014 겨울,1,-10.2,2015
2015-01-03,2014 겨울,1,-5.4,2015
2015-01-04,2014 겨울,1,1,2015
2015-01-05,2014 겨울,1,1.2,2015
2015-01-06,2014 겨울,1,-6.5,2015
2015-01-07,2014 겨울,1,-9,2015
2015-01-08,2014 겨울,1,-8.1,2015
2015-01-09,2014 겨울,1,-3.8,2015
2015-01-10,2014 겨울,1,-2.7,2015
2015-01-11,2014 겨울,1,-3.2,2015
2015-01-12,2014 겨울,1,-4.5,2015
2015-01-13,2014 겨울,1,-2,2015
2015-01-14,2014 겨울,1,1.5,2015
2015-01-15,2014 겨울,1,1.5,2015
2015-01-16,2014 겨울,1,-2.2,2015
2015-01-17,2014 겨울,1,-8.1,2015
2015-01-18,2014 겨울,1,-4.2,2015
2015-01-19,2014 겨울,1,-2.6,2015
2015-01-20,2014 겨울,1,-3.2,2015
2015-01-21,2014 겨울,1,0.8,2015
2015-01-22,2014 겨울,1,2.6,2015
2015-01-23,2014 겨울,1,-1.2,2015
2015-01-24,2014 겨울,1,2.5,2015
2015-01-25,2014 겨울,1,0,2015
2015-01-26,2014 겨울,1,1.9,2015
2015-01-27,2014 겨울,1,-7.2,2015
2015-01-28,2014 겨울,1,-7.1,2015
2015-01-29,2014 겨울,1,-3.7,2015
2015-01-30,2014 겨울,1,-7,2015
2015-01-31,2014 겨울,1,-7.9,2015
2015-02-01,2014 겨울,2,-4.8,2015
2015-02-02,2014 겨울,2,-1.7,2015
2015-02-03,2014 겨울,2,-1.2,2015
2015-02-04,2014 겨울,2,-1,2015
2015-02-05,2014 겨울,2,-2.8,2015
2015-02-06,2014 겨울,2,-1.7,2015
2015-02-07,2014 겨울,2,-0.3,2015
2015-02-08,2014 겨울,2,-15.7,2015
2015-02-09,2014 겨울,2,-9.7,2015
2015-02-10,2014 겨울,2,-0.7,2015
2015-02-11,2014 겨울,2,0.9,2015
2015-02-12,2014 겨울,2,-6.1,2015
2015-02-13,2014 겨울,2,-5.2,2015
2015-02-14,2014 겨울,2,0,2015
2015-02-15,2014 겨울,2,5.9,2015
2015-02-16,2014 겨울,2,3.1,2015
2015-02-17,2014 겨울,2,-0.7,2015
2015-02-18,2014 겨울,2,-1.7,2015
2015-02-19,2014 겨울,2,1.1,2015
2015-02-20,2014 겨울,2,3.2,2015
2015-02-21,2014 겨울,2,3.5,2015
2015-02-22,2014 겨울,2,1.2,2015
2015-02-23,2014 겨울,2,-1.9,2015
2015-02-24,2014 겨울,2,0.2,2015
2015-02-25,2014 겨울,2,3.2,2015
2015-02-26,2014 겨울,2,-2,2015
2015-02-27,2014 겨울,2,-4.6,2015
2015-02-28,2014 겨울,2,0.5,2015
2015-12-01,2015 겨울,12,2.4,2015
2015-12-02,2015 겨울,12,4.1,2015
2015-12-03,2015 겨울,12,-4.1,2015
2015-12-04,2015 겨울,12,-3.7,2015
2015-12-05,2015 겨울,12,1.1,2015
2015-12-06,2015 겨울,12,0.7,2015
2015-12-07,2015 겨울,12,0.6,2015
2015-12-08,2015 겨울,12,2.7,2015
2015-12-09,2015 겨울,12,3,2015
2015-12-10,2015 겨울,12,6.9,2015
2015-12-11,2015 겨울,12,4.8,2015
2015-12-12,2015 겨울,12,3.4,2015
2015-12-13,2015 겨울,12,4.7,2015
2015-12-14,2015 겨울,12,3.3,2015
2015-12-15,2015 겨울,12,3,2015
2015-12-16,2015 겨울,12,-4.2,2015
2015-12-17,2015 겨울,12,-8.1,2015
2015-12-18,2015 겨울,12,-6,2015
2015-12-19,2015 겨울,12,-1.9,2015
2015-12-20,2015 겨울,12,-0.1,2015
2015-12-21,2015 겨울,12,0.4,2015
2015-12-22,2015 겨울,12,0.5,2015
2015-12-23,2015 겨울,12,5,2015
2015-12-24,2015 겨울,12,0,2015
2015-12-25,2015 겨울,12,-2.8,2015
2015-12-26,2015 겨울,12,-1.2,2015
2015-12-27,2015 겨울,12,-9.3,2015
2015-12-28,2015 겨울,12,-8.8,2015
2015-12-29,2015 겨울,12,-4.9,2015
2015-12-30,2015 겨울,12,-2.4,2015
2015-12-31,2015 겨울,12,-0.3,2015
2016-01-01,2015 겨울,1,-0.5,2016
2016-01-02,2015 겨울,1,4.5,2016
2016-01-03,2015 겨울,1,5.8,2016
2016-01-04,2015 겨울,1,-0.2,2016
2016-01-05,2015 겨울,1,-5.4,2016
2016-01-06,2015 겨울,1,-3.5,2016
2016-01-07,2015 겨울,1,-5.9,2016
2016-01-08,2015 겨울,1,-5.4,2016
2016-01-09,2015 겨울,1,-4.1,2016
2016-01-10,2015 겨울,1,-1.7,2016
2016-01-11,2015 겨울,1,-6.9,2016
2016-01-12,2015 겨울,1,-8.2,2016
2016-01-13,2015 겨울,1,-6.9,2016
2016-01-14,2015 겨울,1,-5.7,2016
2016-01-15,2015 겨울,1,-2.1,2016
2016-01-16,2015 겨울,1,-3.3,2016
2016-01-17,2015 겨울,1,-0.5,2016
2016-01-18,2015 겨울,1,-10.5,2016
2016-01-19,2015 겨울,1,-20.2,2016
2016-01-20,2015 겨울,1,-13.2,2016
2016-01-21,2015 겨울,1,-9.2,2016
2016-01-22,2015 겨울,1,-11.4,2016
2016-01-23,2015 겨울,1,-16.7,2016
2016-01-24,2015 겨울,1,-20.7,2016
2016-01-25,2015 겨울,1,-12.7,2016
2016-01-26,2015 겨울,1,-6.5,2016
2016-01-27,2015 겨울,1,-2.5,2016
2016-01-28,2015 겨울,1,-2.1,2016
2016-01-29,2015 겨울,1,0,2016
2016-01-30,2015 겨울,1,-1,2016
2016-01-31,2015 겨울,1,-7.4,2016
2016-02-01,2015 겨울,2,-10,2016
2016-02-02,2015 겨울,2,-8.5,2016
2016-02-03,2015 겨울,2,-4.5,2016
2016-02-04,2015 겨울,2,-2.5,2016
2016-02-05,2015 겨울,2,-5,2016
2016-02-06,2015 겨울,2,-6.2,2016
2016-02-07,2015 겨울,2,-5.4,2016
2016-02-08,2015 겨울,2,-1.4,2016
2016-02-09,2015 겨울,2,-2.1,2016
2016-02-10,2015 겨울,2,1.4,2016
2016-02-11,2015 겨울,2,5.4,2016
2016-02-12,2015 겨울,2,6.8,2016
2016-02-13,2015 겨울,2,10.4,2016
2016-02-14,2015 겨울,2,-6.1,2016
2016-02-15,2015 겨울,2,-11.2,2016
2016-02-16,2015 겨울,2,-5.5,2016
2016-02-17,2015 겨울,2,-2.1,2016
2016-02-18,2015 겨울,2,1.5,2016
2016-02-19,2015 겨울,2,1.5,2016
2016-02-20,2015 겨울,2,-0.6,2016
2016-02-21,2015 겨울,2,-3.4,2016
2016-02-22,2015 겨울,2,-0.9,2016
2016-02-23,2015 겨울,2,-1.7,2016
2016-02-24,2015 겨울,2,-6.3,2016
2016-02-25,2015 겨울,2,-2.6,2016
2016-02-26,2015 겨울,2,0.4,2016
2016-02-27,2015 겨울,2,1.7,2016
2016-02-28,2015 겨울,2,-0.7,2016
2016-02-29,2015 겨울,2,-7.9,2016
2016-12-01,2016 겨울,12,2.2,2016
2016-12-02,2016 겨울,12,0.3,2016
2016-12-03,2016 겨울,12,3.9,2016
2016-12-04,2016 겨울,12,4.9,2016
2016-12-05,2016 겨울,12,4.6,2016
2016-12-06,2016 겨울,12,-3.6,2016
2016-12-07,2016 겨울,12,-0.2,2016
2016-12-08,2016 겨울,12,0.7,2016
2016-12-09,2016 겨울,12,-0.4,2016
2016-12-10,2016 겨울,12,-3.1,2016
2016-12-11,2016 겨울,12,-1.5,2016
2016-12-12,2016 겨울,12,0,2016
2016-12-13,2016 겨울,12,2.5,2016
2016-12-14,2016 겨울,12,-4.4,2016
2016-12-15,2016 겨울,12,-8.6,2016
2016-12-16,2016 겨울,12,-8.4,2016
2016-12-17,2016 겨울,12,0.6,2016
2016-12-18,2016 겨울,12,3.9,2016
2016-12-19,2016 겨울,12,5.8,2016
2016-12-20,2016 겨울,12,7.4,2016
2016-12-21,2016 겨울,12,5.8,2016
2016-12-22,2016 겨울,12,3.7,2016
2016-12-23,2016 겨울,12,-5.8,2016
2016-12-24,2016 겨울,12,-4.6,2016
2016-12-25,2016 겨울,12,-0.8,2016
2016-12-26,2016 겨울,12,1.9,2016
2016-12-27,2016 겨울,12,-5.4,2016
2016-12-28,2016 겨울,12,-5.6,2016
2016-12-29,2016 겨울,12,-7.5,2016
2016-12-30,2016 겨울,12,-5.2,2016
2016-12-31,2016 겨울,12,-1,2016
2017-01-01,2016 겨울,1,1.1,2017
2017-01-02,2016 겨울,1,3.9,2017
2017-01-03,2016 겨울,1,0.7,2017
2017-01-04,2016 겨울,1,3.2,2017
2017-01-05,2016 겨울,1,1.5,2017
2017-01-06,2016 겨울,1,4.2,2017
2017-01-07,2016 겨울,1,3.7,2017
2017-01-08,2016 겨울,1,5,2017
2017-01-09,2016 겨울,1,-0.7,2017
2017-01-10,2016 겨울,1,-6.5,2017
2017-01-11,2016 겨울,1,-6.5,2017
2017-01-12,2016 겨울,1,-4.9,2017
2017-01-13,2016 겨울,1,-9.1,2017
2017-01-14,2016 겨울,1,-13.6,2017
2017-01-15,2016 겨울,1,-10.2,2017
2017-01-16,2016 겨울,1,-4.9,2017
2017-01-17,2016 겨울,1,-3.5,2017
2017-01-18,2016 겨울,1,-1.3,2017
2017-01-19,2016 겨울,1,-2.5,2017
2017-01-20,2016 겨울,1,-7.1,2017
2017-01-21,2016 겨울,1,-7.5,2017
2017-01-22,2016 겨울,1,-12.6,2017
2017-01-23,2016 겨울,1,-12.5,2017
2017-01-24,2016 겨울,1,-9.7,2017
2017-01-25,2016 겨울,1,-6.8,2017
2017-01-26,2016 겨울,1,-4.4,2017
2017-01-27,2016 겨울,1,-5.4,2017
2017-01-28,2016 겨울,1,-4.1,2017
2017-01-29,2016 겨울,1,-0.5,2017
2017-01-30,2016 겨울,1,-8.5,2017
2017-01-31,2016 겨울,1,-7.3,2017
2017-02-01,2016 겨울,2,-6.4,2017
2017-02-02,2016 겨울,2,-6.5,2017
2017-02-03,2016 겨울,2,0.5,2017
2017-02-04,2016 겨울,2,-0.5,2017
2017-02-05,2016 겨울,2,-0.3,2017
2017-02-06,2016 겨울,2,-4.9,2017
2017-02-07,2016 겨울,2,-3.5,2017
2017-02-08,2016 겨울,2,-4.2,2017
2017-02-09,2016 겨울,2,-9.5,2017
2017-02-10,2016 겨울,2,-11.8,2017
2017-02-11,2016 겨울,2,-8.3,2017
2017-02-12,2016 겨울,2,-4.4,2017
2017-02-13,2016 겨울,2,-1.2,2017
2017-02-14,2016 겨울,2,-2,2017
2017-02-15,2016 겨울,2,0.8,2017
2017-02-16,2016 겨울,2,4.1,2017
2017-02-17,2016 겨울,2,-1.3,2017
2017-02-18,2016 겨울,2,-6.1,2017
2017-02-19,2016 겨울,2,0,2017
2017-02-20,2016 겨울,2,-4.7,2017
2017-02-21,2016 겨울,2,-2.5,2017
2017-02-22,2016 겨울,2,-0.4,2017
2017-02-23,2016 겨울,2,-5,2017
2017-02-24,2016 겨울,2,-3.7,2017
2017-02-25,2016 겨울,2,0.9,2017
2017-02-26,2016 겨울,2,2.3,2017
2017-02-27,2016 겨울,2,2.7,2017
2017-02-28,2016 겨울,2,4.2,2017
2017-12-01,2017 겨울,12,-3.6,2017
2017-12-02,2017 겨울,12,-0.1,2017
2017-12-03,2017 겨울,12,4,2017
2017-12-04,2017 겨울,12,-3.7,2017
2017-12-05,2017 겨울,12,-6.1,2017
2017-12-06,2017 겨울,12,-0.2,2017
2017-12-07,2017 겨울,12,-0.3,2017
2017-12-08,2017 겨울,12,-5.7,2017
2017-12-09,2017 겨울,12,-1.2,2017
2017-12-10,2017 겨울,12,-0.1,2017
2017-12-11,2017 겨울,12,-10.9,2017
2017-12-12,2017 겨울,12,-12.3,2017
2017-12-13,2017 겨울,12,-11,2017
2017-12-14,2017 겨울,12,-6.9,2017
2017-12-15,2017 겨울,12,-3.7,2017
2017-12-16,2017 겨울,12,-9.2,2017
2017-12-17,2017 겨울,12,-9.6,2017
2017-12-18,2017 겨울,12,-2.4,2017
2017-12-19,2017 겨울,12,-6.2,2017
2017-12-20,2017 겨울,12,-4.6,2017
2017-12-21,2017 겨울,12,-1.5,2017
2017-12-22,2017 겨울,12,2.6,2017
2017-12-23,2017 겨울,12,5.9,2017
2017-12-24,2017 겨울,12,2.2,2017
2017-12-25,2017 겨울,12,-5.3,2017
2017-12-26,2017 겨울,12,-6.3,2017
2017-12-27,2017 겨울,12,-9.7,2017
2017-12-28,2017 겨울,12,-3.7,2017
2017-12-29,2017 겨울,12,1.6,2017
2017-12-30,2017 겨울,12,1.2,2017
2017-12-31,2017 겨울,12,-2.1,2017
2018-01-01,2017 겨울,1,-2.1,2018
2018-01-02,2017 겨울,1,-3.1,2018
2018-01-03,2017 겨울,1,-7.1,2018
2018-01-04,2017 겨울,1,-6.1,2018
2018-01-05,2017 겨울,1,-4.3,2018
2018-01-06,2017 겨울,1,-3.9,2018
2018-01-07,2017 겨울,1,-1.4,2018
2018-01-08,2017 겨울,1,0.2,2018
2018-01-09,2017 겨울,1,-7.3,2018
2018-01-10,2017 겨울,1,-10.9,2018
2018-01-11,2017 겨울,1,-15.4,2018
2018-01-12,2017 겨울,1,-13.4,2018
2018-01-13,2017 겨울,1,-4.7,2018
2018-01-14,2017 겨울,1,-0.4,2018
2018-01-15,2017 겨울,1,4,2018
2018-01-16,2017 겨울,1,3.2,2018
2018-01-17,2017 겨울,1,4.1,2018
2018-01-18,2017 겨울,1,0.9,2018
2018-01-19,2017 겨울,1,-0.2,2018
2018-01-20,2017 겨울,1,1.3,2018
2018-01-21,2017 겨울,1,-0.1,2018
2018-01-22,2017 겨울,1,-0.6,2018
2018-01-23,2017 겨울,1,-16.8,2018
2018-01-24,2017 겨울,1,-20,2018
2018-01-25,2017 겨울,1,-19.3,2018
2018-01-26,2017 겨울,1,-19.9,2018
2018-01-27,2017 겨울,1,-12,2018
2018-01-28,2017 겨울,1,-9.7,2018
2018-01-29,2017 겨울,1,-12.1,2018
2018-01-30,2017 겨울,1,-6.8,2018
2018-01-31,2017 겨울,1,-3.8,2018
2018-02-01,2017 겨울,2,-5.5,2018
2018-02-02,2017 겨울,2,-4,2018
2018-02-03,2017 겨울,2,-11.7,2018
2018-02-04,2017 겨울,2,-14.3,2018
2018-02-05,2017 겨울,2,-13.8,2018
2018-02-06,2017 겨울,2,-15,2018
2018-02-07,2017 겨울,2,-10.2,2018
2018-02-08,2017 겨울,2,-5.2,2018
2018-02-09,2017 겨울,2,-0.4,2018
2018-02-10,2017 겨울,2,-2.6,2018
2018-02-11,2017 겨울,2,-9.8,2018
2018-02-12,2017 겨울,2,-9.6,2018
2018-02-13,2017 겨울,2,-3.7,2018
2018-02-14,2017 겨울,2,2.1,2018
2018-02-15,2017 겨울,2,-2.7,2018
2018-02-16,2017 겨울,2,-3,2018
2018-02-17,2017 겨울,2,-6.2,2018
2018-02-18,2017 겨울,2,-1.5,2018
2018-02-19,2017 겨울,2,0.9,2018
2018-02-20,2017 겨울,2,-1,2018
2018-02-21,2017 겨울,2,-3.2,2018
2018-02-22,2017 겨울,2,-0.4,2018
2018-02-23,2017 겨울,2,2.8,2018
2018-02-24,2017 겨울,2,1,2018
2018-02-25,2017 겨울,2,0.9,2018
2018-02-26,2017 겨울,2,2.3,2018
2018-02-27,2017 겨울,2,3.9,2018
2018-02-28,2017 겨울,2,3.5,2018
2018-12-01,2018 겨울,12,5.3,2018
2018-12-02,2018 겨울,12,7.5,2018
2018-12-03,2018 겨울,12,11.3,2018
2018-12-04,2018 겨울,12,6.3,2018
2018-12-05,2018 겨울,12,-1.3,2018
2018-12-06,2018 겨울,12,1.3,2018
2018-12-07,2018 겨울,12,-11.7,2018
2018-12-08,2018 겨울,12,-11.7,2018
2018-12-09,2018 겨울,12,-9.7,2018
2018-12-10,2018 겨울,12,-3.1,2018
2018-12-11,2018 겨울,12,-0.5,2018
2018-12-12,2018 겨울,12,-4.1,2018
2018-12-13,2018 겨울,12,-3.4,2018
2018-12-14,2018 겨울,12,-6.3,2018
2018-12-15,2018 겨울,12,-3.2,2018
2018-12-16,2018 겨울,12,-0.4,2018
2018-12-17,2018 겨울,12,0.3,2018
2018-12-18,2018 겨울,12,1.6,2018
2018-12-19,2018 겨울,12,3.7,2018
2018-12-20,2018 겨울,12,3.4,2018
2018-12-21,2018 겨울,12,4.9,2018
2018-12-22,2018 겨울,12,6.6,2018
2018-12-23,2018 겨울,12,0.8,2018
2018-12-24,2018 겨울,12,-4,2018
2018-12-25,2018 겨울,12,-0.5,2018
2018-12-26,2018 겨울,12,-3.6,2018
2018-12-27,2018 겨울,12,-15.2,2018
2018-12-28,2018 겨울,12,-15.2,2018
2018-12-29,2018 겨울,12,-11.8,2018
2018-12-30,2018 겨울,12,-8,2018
2018-12-31,2018 겨울,12,-6.5,2018
2019-01-01,2018 겨울,1,-7.1,2019
2019-01-02,2018 겨울,1,-6.5,2019
2019-01-03,2018 겨울,1,-4.5,2019
2019-01-04,2018 겨울,1,-1.9,2019
2019-01-05,2018 겨울,1,-4.9,2019
2019-01-06,2018 겨울,1,-3.8,2019
2019-01-07,2018 겨울,1,-2.9,2019
2019-01-08,2018 겨울,1,-5.7,2019
2019-01-09,2018 겨울,1,-6.2,2019
2019-01-10,2018 겨울,1,-2.4,2019
2019-01-11,2018 겨울,1,2.3,2019
2019-01-12,2018 겨울,1,2.4,2019
2019-01-13,2018 겨울,1,0.6,2019
2019-01-14,2018 겨울,1,1,2019
2019-01-15,2018 겨울,1,-3.7,2019
2019-01-16,2018 겨울,1,-8.8,2019
2019-01-17,2018 겨울,1,-1.8,2019
2019-01-18,2018 겨울,1,-0.3,2019
2019-01-19,2018 겨울,1,3,2019
2019-01-20,2018 겨울,1,-3.8,2019
2019-01-21,2018 겨울,1,-2.9,2019
2019-01-22,2018 겨울,1,0.6,2019
2019-01-23,2018 겨울,1,0.8,2019
2019-01-24,2018 겨울,1,-1.2,2019
2019-01-25,2018 겨울,1,-3.5,2019
2019-01-26,2018 겨울,1,-5.4,2019
2019-01-27,2018 겨울,1,-2,2019
2019-01-28,2018 겨울,1,-1.1,2019
2019-01-29,2018 겨울,1,-1.3,2019
2019-01-30,2018 겨울,1,0.7,2019
2019-01-31,2018 겨울,1,-4.8,2019
2019-02-01,2018 겨울,2,-4,2019
2019-02-02,2018 겨울,2,0.9,2019
2019-02-03,2018 겨울,2,2.4,2019
2019-02-04,2018 겨울,2,-2.2,2019
2019-02-05,2018 겨울,2,2.2,2019
2019-02-06,2018 겨울,2,4.2,2019
2019-02-07,2018 겨울,2,-4.4,2019
2019-02-08,2018 겨울,2,-9.4,2019
2019-02-09,2018 겨울,2,-8.9,2019
2019-02-10,2018 겨울,2,-7.1,2019
2019-02-11,2018 겨울,2,-5.6,2019
2019-02-12,2018 겨울,2,-2.2,2019
2019-02-13,2018 겨울,2,-4.6,2019
2019-02-14,2018 겨울,2,-1.5,2019
2019-02-15,2018 겨울,2,-2.4,2019
2019-02-16,2018 겨울,2,-5.5,2019
2019-02-17,2018 겨울,2,-3.7,2019
2019-02-18,2018 겨울,2,-0.2,2019
2019-02-19,2018 겨울,2,0.7,2019
2019-02-20,2018 겨울,2,0.2,2019
2019-02-21,2018 겨울,2,1.5,2019
2019-02-22,2018 겨울,2,3.3,2019
2019-02-23,2018 겨울,2,6.5,2019
2019-02-24,2018 겨울,2,5.8,2019
2019-02-25,2018 겨울,2,3.3,2019
2019-02-26,2018 겨울,2,4.1,2019
2019-02-27,2018 겨울,2,7.7,2019
2019-02-28,2018 겨울,2,5.9,2019
