date,Year,Month,heatindex
19890601,1989 여름,6,20.6
19890602,1989 여름,6,21.24
19890603,1989 여름,6,22.61
19890604,1989 여름,6,22.03
19890605,1989 여름,6,20.37
19890606,1989 여름,6,21.1
19890607,1989 여름,6,24.88
19890608,1989 여름,6,18
19890609,1989 여름,6,16.1
19890610,1989 여름,6,18.86
19890611,1989 여름,6,20.18
19890612,1989 여름,6,21.83
19890613,1989 여름,6,24.93
19890614,1989 여름,6,19.89
19890615,1989 여름,6,18.55
19890616,1989 여름,6,20.6
19890617,1989 여름,6,20.14
19890618,1989 여름,6,18.23
19890619,1989 여름,6,17.56
19890620,1989 여름,6,19.93
19890621,1989 여름,6,20.77
19890622,1989 여름,6,21.45
19890623,1989 여름,6,25.41
19890624,1989 여름,6,23.82
19890625,1989 여름,6,23.68
19890626,1989 여름,6,23.95
19890627,1989 여름,6,22.43
19890628,1989 여름,6,22.44
19890629,1989 여름,6,25
19890630,1989 여름,6,24.41
19890701,1989 여름,7,23.23
19890702,1989 여름,7,21.48
19890703,1989 여름,7,21.55
19890704,1989 여름,7,22.7
19890705,1989 여름,7,24.11
19890706,1989 여름,7,25.72
19890707,1989 여름,7,25.57
19890708,1989 여름,7,22.28
19890709,1989 여름,7,22.99
19890710,1989 여름,7,23.3
19890711,1989 여름,7,21.54
19890712,1989 여름,7,23.83
19890713,1989 여름,7,24.88
19890714,1989 여름,7,25.51
19890715,1989 여름,7,23.84
19890716,1989 여름,7,23.23
19890717,1989 여름,7,26.12
19890718,1989 여름,7,30.69
19890719,1989 여름,7,31.51
19890720,1989 여름,7,25.73
19890721,1989 여름,7,25.01
19890722,1989 여름,7,29.73
19890723,1989 여름,7,30.38
19890724,1989 여름,7,30.49
19890725,1989 여름,7,25.17
19890726,1989 여름,7,25.6
19890727,1989 여름,7,21.47
19890728,1989 여름,7,22.1
19890729,1989 여름,7,23.32
19890730,1989 여름,7,26.55
19890731,1989 여름,7,32.43
19890801,1989 여름,8,27.97
19890802,1989 여름,8,25.49
19890803,1989 여름,8,26.27
19890804,1989 여름,8,30.2
19890805,1989 여름,8,31.61
19890806,1989 여름,8,30.78
19890807,1989 여름,8,28.67
19890808,1989 여름,8,29.31
19890809,1989 여름,8,28.68
19890810,1989 여름,8,25.44
19890811,1989 여름,8,24.22
19890812,1989 여름,8,25.01
19890813,1989 여름,8,26.47
19890814,1989 여름,8,31.27
19890815,1989 여름,8,26.56
19890816,1989 여름,8,25.11
19890817,1989 여름,8,25.11
19890818,1989 여름,8,26.45
19890819,1989 여름,8,25.97
19890820,1989 여름,8,23.97
19890821,1989 여름,8,22.31
19890822,1989 여름,8,24.08
19890823,1989 여름,8,25.95
19890824,1989 여름,8,25.65
19890825,1989 여름,8,24.4
19890826,1989 여름,8,24.98
19890827,1989 여름,8,24.71
19890828,1989 여름,8,24.07
19890829,1989 여름,8,21
19890830,1989 여름,8,21.9
19890831,1989 여름,8,23.88
19900601,1990 여름,6,15.09
19900602,1990 여름,6,17.89
19900603,1990 여름,6,20.7
19900604,1990 여름,6,22.04
19900605,1990 여름,6,21.05
19900606,1990 여름,6,23.01
19900607,1990 여름,6,23.94
19900608,1990 여름,6,19.04
19900609,1990 여름,6,17.06
19900610,1990 여름,6,19.63
19900611,1990 여름,6,19.59
19900612,1990 여름,6,20.93
19900613,1990 여름,6,23.31
19900614,1990 여름,6,22.68
19900615,1990 여름,6,21.07
19900616,1990 여름,6,21.25
19900617,1990 여름,6,23.32
19900618,1990 여름,6,20.58
19900619,1990 여름,6,21.32
19900620,1990 여름,6,20.73
19900621,1990 여름,6,19.47
19900622,1990 여름,6,20.54
19900623,1990 여름,6,22.61
19900624,1990 여름,6,22.53
19900625,1990 여름,6,21.58
19900626,1990 여름,6,20.31
19900627,1990 여름,6,20.39
19900628,1990 여름,6,21.28
19900629,1990 여름,6,20.7
19900630,1990 여름,6,22.05
19900701,1990 여름,7,21.6
19900702,1990 여름,7,19.7
19900703,1990 여름,7,19.61
19900704,1990 여름,7,21.45
19900705,1990 여름,7,24.28
19900706,1990 여름,7,24.9
19900707,1990 여름,7,26.62
19900708,1990 여름,7,30.32
19900709,1990 여름,7,30.25
19900710,1990 여름,7,30.93
19900711,1990 여름,7,24.96
19900712,1990 여름,7,25.89
19900713,1990 여름,7,23.5
19900714,1990 여름,7,22.54
19900715,1990 여름,7,23.37
19900716,1990 여름,7,24.65
19900717,1990 여름,7,23.31
19900718,1990 여름,7,23.9
19900719,1990 여름,7,25.46
19900720,1990 여름,7,25.17
19900721,1990 여름,7,24.85
19900722,1990 여름,7,25.77
19900723,1990 여름,7,25.24
19900724,1990 여름,7,24.9
19900725,1990 여름,7,25.27
19900726,1990 여름,7,25.7
19900727,1990 여름,7,30.07
19900728,1990 여름,7,33.04
19900729,1990 여름,7,34.58
19900730,1990 여름,7,34.69
19900731,1990 여름,7,32.42
19900801,1990 여름,8,32.51
19900802,1990 여름,8,34.01
19900803,1990 여름,8,33.12
19900804,1990 여름,8,31.49
19900805,1990 여름,8,32.83
19900806,1990 여름,8,33.32
19900807,1990 여름,8,34.95
19900808,1990 여름,8,32.05
19900809,1990 여름,8,29.59
19900810,1990 여름,8,26.16
19900811,1990 여름,8,26.25
19900812,1990 여름,8,29.81
19900813,1990 여름,8,30.76
19900814,1990 여름,8,25.49
19900815,1990 여름,8,26.64
19900816,1990 여름,8,24.21
19900817,1990 여름,8,24.91
19900818,1990 여름,8,25.87
19900819,1990 여름,8,24.87
19900820,1990 여름,8,24.41
19900821,1990 여름,8,23.65
19900822,1990 여름,8,26.51
19900823,1990 여름,8,24.92
19900824,1990 여름,8,25.63
19900825,1990 여름,8,25.49
19900826,1990 여름,8,25.85
19900827,1990 여름,8,28.92
19900828,1990 여름,8,28.79
19900829,1990 여름,8,26.54
19900830,1990 여름,8,26.42
19900831,1990 여름,8,22.36
19910601,1991 여름,6,19.8
19910602,1991 여름,6,21.53
19910603,1991 여름,6,20.53
19910604,1991 여름,6,20.28
19910605,1991 여름,6,21.07
19910606,1991 여름,6,22.8
19910607,1991 여름,6,24.19
19910608,1991 여름,6,24.39
19910609,1991 여름,6,21.95
19910610,1991 여름,6,22.33
19910611,1991 여름,6,22.29
19910612,1991 여름,6,21.15
19910613,1991 여름,6,21.42
19910614,1991 여름,6,23.7
19910615,1991 여름,6,25.31
19910616,1991 여름,6,24.61
19910617,1991 여름,6,22.18
19910618,1991 여름,6,22.79
19910619,1991 여름,6,22.52
19910620,1991 여름,6,21.08
19910621,1991 여름,6,22.02
19910622,1991 여름,6,23.18
19910623,1991 여름,6,24.18
19910624,1991 여름,6,23.3
19910625,1991 여름,6,24.67
19910626,1991 여름,6,23.3
19910627,1991 여름,6,23.95
19910628,1991 여름,6,26.01
19910629,1991 여름,6,23.29
19910630,1991 여름,6,24.03
19910701,1991 여름,7,22.78
19910702,1991 여름,7,24.14
19910703,1991 여름,7,25.51
19910704,1991 여름,7,28.3
19910705,1991 여름,7,25.85
19910706,1991 여름,7,25.32
19910707,1991 여름,7,21.55
19910708,1991 여름,7,22.08
19910709,1991 여름,7,22.04
19910710,1991 여름,7,23.63
19910711,1991 여름,7,22.73
19910712,1991 여름,7,24.2
19910713,1991 여름,7,24.57
19910714,1991 여름,7,25.12
19910715,1991 여름,7,23
19910716,1991 여름,7,23.76
19910717,1991 여름,7,24.8
19910718,1991 여름,7,25.64
19910719,1991 여름,7,24.87
19910720,1991 여름,7,24.52
19910721,1991 여름,7,24.35
19910722,1991 여름,7,26
19910723,1991 여름,7,24.96
19910724,1991 여름,7,24.68
19910725,1991 여름,7,22.06
19910726,1991 여름,7,23.82
19910727,1991 여름,7,25.45
19910728,1991 여름,7,30.25
19910729,1991 여름,7,29.61
19910730,1991 여름,7,25.14
19910731,1991 여름,7,25.51
19910801,1991 여름,8,29.61
19910802,1991 여름,8,22.45
19910803,1991 여름,8,24.46
19910804,1991 여름,8,23.62
19910805,1991 여름,8,24.19
19910806,1991 여름,8,23.35
19910807,1991 여름,8,23.77
19910808,1991 여름,8,25.65
19910809,1991 여름,8,23.2
19910810,1991 여름,8,25.13
19910811,1991 여름,8,25.8
19910812,1991 여름,8,26.23
19910813,1991 여름,8,30.2
19910814,1991 여름,8,32.66
19910815,1991 여름,8,33.08
19910816,1991 여름,8,30.75
19910817,1991 여름,8,30.56
19910818,1991 여름,8,30.6
19910819,1991 여름,8,30.28
19910820,1991 여름,8,32.83
19910821,1991 여름,8,29.36
19910822,1991 여름,8,26.31
19910823,1991 여름,8,22.09
19910824,1991 여름,8,25.33
19910825,1991 여름,8,26.39
19910826,1991 여름,8,25.61
19910827,1991 여름,8,22.68
19910828,1991 여름,8,22.94
19910829,1991 여름,8,25.13
19910830,1991 여름,8,24.63
19910831,1991 여름,8,24.41
19920601,1992 여름,6,22.4
19920602,1992 여름,6,22.95
19920603,1992 여름,6,21.43
19920604,1992 여름,6,18.9
19920605,1992 여름,6,21.29
19920606,1992 여름,6,21.01
19920607,1992 여름,6,16.09
19920608,1992 여름,6,18.11
19920609,1992 여름,6,19.64
19920610,1992 여름,6,17.34
19920611,1992 여름,6,17.57
19920612,1992 여름,6,19.03
19920613,1992 여름,6,19.59
19920614,1992 여름,6,21.24
19920615,1992 여름,6,23.12
19920616,1992 여름,6,23.5
19920617,1992 여름,6,21.43
19920618,1992 여름,6,20.8
19920619,1992 여름,6,20.22
19920620,1992 여름,6,21.21
19920621,1992 여름,6,20.81
19920622,1992 여름,6,22.13
19920623,1992 여름,6,21.8
19920624,1992 여름,6,21.18
19920625,1992 여름,6,22.09
19920626,1992 여름,6,22.76
19920627,1992 여름,6,24
19920628,1992 여름,6,23.61
19920629,1992 여름,6,23.66
19920630,1992 여름,6,22.54
19920701,1992 여름,7,23.43
19920702,1992 여름,7,22.26
19920703,1992 여름,7,21.42
19920704,1992 여름,7,23.83
19920705,1992 여름,7,25.58
19920706,1992 여름,7,27.83
19920707,1992 여름,7,26.08
19920708,1992 여름,7,26.18
19920709,1992 여름,7,25.74
19920710,1992 여름,7,22.38
19920711,1992 여름,7,21.32
19920712,1992 여름,7,23.16
19920713,1992 여름,7,24.34
19920714,1992 여름,7,23.64
19920715,1992 여름,7,23.85
19920716,1992 여름,7,24.54
19920717,1992 여름,7,21.64
19920718,1992 여름,7,24.45
19920719,1992 여름,7,29.07
19920720,1992 여름,7,26.6
19920721,1992 여름,7,29.13
19920722,1992 여름,7,24.94
19920723,1992 여름,7,26.46
19920724,1992 여름,7,29.18
19920725,1992 여름,7,26.24
19920726,1992 여름,7,28.99
19920727,1992 여름,7,25.33
19920728,1992 여름,7,30.89
19920729,1992 여름,7,31.02
19920730,1992 여름,7,25.59
19920731,1992 여름,7,25.57
19920801,1992 여름,8,30.06
19920802,1992 여름,8,26.16
19920803,1992 여름,8,26.25
19920804,1992 여름,8,24.73
19920805,1992 여름,8,25
19920806,1992 여름,8,24.35
19920807,1992 여름,8,21.36
19920808,1992 여름,8,25.01
19920809,1992 여름,8,25.48
19920810,1992 여름,8,25.39
19920811,1992 여름,8,25.64
19920812,1992 여름,8,23.7
19920813,1992 여름,8,25.33
19920814,1992 여름,8,21.39
19920815,1992 여름,8,21.01
19920816,1992 여름,8,24.05
19920817,1992 여름,8,22.05
19920818,1992 여름,8,24.69
19920819,1992 여름,8,25.56
19920820,1992 여름,8,25.76
19920821,1992 여름,8,26.03
19920822,1992 여름,8,25.92
19920823,1992 여름,8,24.8
19920824,1992 여름,8,24.76
19920825,1992 여름,8,24.75
19920826,1992 여름,8,26.11
19920827,1992 여름,8,22.13
19920828,1992 여름,8,23.45
19920829,1992 여름,8,29.94
19920830,1992 여름,8,30.95
19920831,1992 여름,8,30.08
19930601,1993 여름,6,24.91
19930602,1993 여름,6,16.24
19930603,1993 여름,6,16.12
19930604,1993 여름,6,19.1
19930605,1993 여름,6,20.52
19930606,1993 여름,6,20.79
19930607,1993 여름,6,22.83
19930608,1993 여름,6,23.2
19930609,1993 여름,6,20.73
19930610,1993 여름,6,19.97
19930611,1993 여름,6,22.1
19930612,1993 여름,6,21.96
19930613,1993 여름,6,21.46
19930614,1993 여름,6,21.36
19930615,1993 여름,6,22.82
19930616,1993 여름,6,24.61
19930617,1993 여름,6,22.89
19930618,1993 여름,6,22.55
19930619,1993 여름,6,21.92
19930620,1993 여름,6,20.62
19930621,1993 여름,6,22.56
19930622,1993 여름,6,23.03
19930623,1993 여름,6,23.44
19930624,1993 여름,6,22.74
19930625,1993 여름,6,23.29
19930626,1993 여름,6,24.44
19930627,1993 여름,6,23.34
19930628,1993 여름,6,20.47
19930629,1993 여름,6,19.16
19930630,1993 여름,6,17.96
19930701,1993 여름,7,22.39
19930702,1993 여름,7,24.56
19930703,1993 여름,7,23.54
19930704,1993 여름,7,25.6
19930705,1993 여름,7,28.01
19930706,1993 여름,7,25.01
19930707,1993 여름,7,25.45
19930708,1993 여름,7,22.14
19930709,1993 여름,7,23.94
19930710,1993 여름,7,25.32
19930711,1993 여름,7,23.08
19930712,1993 여름,7,22.83
19930713,1993 여름,7,22.79
19930714,1993 여름,7,25.21
19930715,1993 여름,7,24.5
19930716,1993 여름,7,23.85
19930717,1993 여름,7,18.96
19930718,1993 여름,7,22.24
19930719,1993 여름,7,22.68
19930720,1993 여름,7,22.35
19930721,1993 여름,7,22.48
19930722,1993 여름,7,22.59
19930723,1993 여름,7,23.46
19930724,1993 여름,7,21.88
19930725,1993 여름,7,21.48
19930726,1993 여름,7,21.93
19930727,1993 여름,7,23.75
19930728,1993 여름,7,26.04
19930729,1993 여름,7,21.9
19930730,1993 여름,7,23.76
19930731,1993 여름,7,25.11
19930801,1993 여름,8,25.1
19930802,1993 여름,8,22.63
19930803,1993 여름,8,22.65
19930804,1993 여름,8,23.51
19930805,1993 여름,8,23.35
19930806,1993 여름,8,22.74
19930807,1993 여름,8,22.81
19930808,1993 여름,8,22.94
19930809,1993 여름,8,25.52
19930810,1993 여름,8,23.45
19930811,1993 여름,8,24.98
19930812,1993 여름,8,24.87
19930813,1993 여름,8,22.52
19930814,1993 여름,8,24.43
19930815,1993 여름,8,22.67
19930816,1993 여름,8,20.93
19930817,1993 여름,8,22.94
19930818,1993 여름,8,23.1
19930819,1993 여름,8,23.7
19930820,1993 여름,8,23.05
19930821,1993 여름,8,19.76
19930822,1993 여름,8,22.9
19930823,1993 여름,8,24.15
19930824,1993 여름,8,23.67
19930825,1993 여름,8,24.68
19930826,1993 여름,8,24.1
19930827,1993 여름,8,24.12
19930828,1993 여름,8,23.07
19930829,1993 여름,8,22.08
19930830,1993 여름,8,22.9
19930831,1993 여름,8,23.45
19940601,1994 여름,6,20.79
19940602,1994 여름,6,21.3
19940603,1994 여름,6,21.26
19940604,1994 여름,6,21.67
19940605,1994 여름,6,22.78
19940606,1994 여름,6,23.06
19940607,1994 여름,6,23
19940608,1994 여름,6,21.4
19940609,1994 여름,6,21.73
19940610,1994 여름,6,21.29
19940611,1994 여름,6,22.89
19940612,1994 여름,6,23.17
19940613,1994 여름,6,25.37
19940614,1994 여름,6,25.7
19940615,1994 여름,6,25.56
19940616,1994 여름,6,26.66
19940617,1994 여름,6,29.03
19940618,1994 여름,6,23.11
19940619,1994 여름,6,20.23
19940620,1994 여름,6,20.54
19940621,1994 여름,6,21.6
19940622,1994 여름,6,22.15
19940623,1994 여름,6,19.65
19940624,1994 여름,6,22.48
19940625,1994 여름,6,22.69
19940626,1994 여름,6,23.37
19940627,1994 여름,6,24.91
19940628,1994 여름,6,24.88
19940629,1994 여름,6,23.9
19940630,1994 여름,6,22.81
19940701,1994 여름,7,22.21
19940702,1994 여름,7,25.43
19940703,1994 여름,7,25.76
19940704,1994 여름,7,26.09
19940705,1994 여름,7,23.92
19940706,1994 여름,7,25.16
19940707,1994 여름,7,24.73
19940708,1994 여름,7,30.37
19940709,1994 여름,7,33.2
19940710,1994 여름,7,25.82
19940711,1994 여름,7,30.98
19940712,1994 여름,7,33.9
19940713,1994 여름,7,36.41
19940714,1994 여름,7,32.35
19940715,1994 여름,7,33.51
19940716,1994 여름,7,34.9
19940717,1994 여름,7,34.15
19940718,1994 여름,7,36.95
19940719,1994 여름,7,35.65
19940720,1994 여름,7,35.04
19940721,1994 여름,7,38.34
19940722,1994 여름,7,43.42
19940723,1994 여름,7,42.11
19940724,1994 여름,7,39.03
19940725,1994 여름,7,36.2
19940726,1994 여름,7,36.64
19940727,1994 여름,7,36.04
19940728,1994 여름,7,36.97
19940729,1994 여름,7,38.59
19940730,1994 여름,7,36.5
19940731,1994 여름,7,35.96
19940801,1994 여름,8,26.46
19940802,1994 여름,8,34.76
19940803,1994 여름,8,35.21
19940804,1994 여름,8,35.36
19940805,1994 여름,8,37.52
19940806,1994 여름,8,37.71
19940807,1994 여름,8,35.48
19940808,1994 여름,8,35.67
19940809,1994 여름,8,35.72
19940810,1994 여름,8,26.46
19940811,1994 여름,8,32.77
19940812,1994 여름,8,37.29
19940813,1994 여름,8,37.4
19940814,1994 여름,8,36.06
19940815,1994 여름,8,36.35
19940816,1994 여름,8,34.5
19940817,1994 여름,8,26.6
19940818,1994 여름,8,26.4
19940819,1994 여름,8,29.21
19940820,1994 여름,8,27.33
19940821,1994 여름,8,26.01
19940822,1994 여름,8,25.25
19940823,1994 여름,8,26.1
19940824,1994 여름,8,26.62
19940825,1994 여름,8,24.17
19940826,1994 여름,8,29.2
19940827,1994 여름,8,26.4
19940828,1994 여름,8,22.41
19940829,1994 여름,8,24.48
19940830,1994 여름,8,25.19
19940831,1994 여름,8,26.32
19950601,1995 여름,6,20.74
19950602,1995 여름,6,17.51
19950603,1995 여름,6,16.71
19950604,1995 여름,6,17.6
19950605,1995 여름,6,18.53
19950606,1995 여름,6,21.05
19950607,1995 여름,6,22.43
19950608,1995 여름,6,23.8
19950609,1995 여름,6,23.4
19950610,1995 여름,6,23.55
19950611,1995 여름,6,23.2
19950612,1995 여름,6,21.95
19950613,1995 여름,6,23.41
19950614,1995 여름,6,22.23
19950615,1995 여름,6,22.32
19950616,1995 여름,6,22.87
19950617,1995 여름,6,24.07
19950618,1995 여름,6,18.7
19950619,1995 여름,6,20.07
19950620,1995 여름,6,23.14
19950621,1995 여름,6,24.94
19950622,1995 여름,6,21.85
19950623,1995 여름,6,22.25
19950624,1995 여름,6,23.35
19950625,1995 여름,6,23.32
19950626,1995 여름,6,21.82
19950627,1995 여름,6,22.14
19950628,1995 여름,6,23.06
19950629,1995 여름,6,24.16
19950630,1995 여름,6,22.48
19950701,1995 여름,7,22.62
19950702,1995 여름,7,21.9
19950703,1995 여름,7,22.95
19950704,1995 여름,7,22.7
19950705,1995 여름,7,22.9
19950706,1995 여름,7,23.1
19950707,1995 여름,7,25.42
19950708,1995 여름,7,22.65
19950709,1995 여름,7,23.38
19950710,1995 여름,7,23.02
19950711,1995 여름,7,24.38
19950712,1995 여름,7,25.73
19950713,1995 여름,7,24.06
19950714,1995 여름,7,24.54
19950715,1995 여름,7,25.46
19950716,1995 여름,7,24.39
19950717,1995 여름,7,24.1
19950718,1995 여름,7,23.53
19950719,1995 여름,7,19.8
19950720,1995 여름,7,20.1
19950721,1995 여름,7,23.26
19950722,1995 여름,7,25.95
19950723,1995 여름,7,33.03
19950724,1995 여름,7,26.29
19950725,1995 여름,7,26.28
19950726,1995 여름,7,30.92
19950727,1995 여름,7,30.39
19950728,1995 여름,7,30.22
19950729,1995 여름,7,26.59
19950730,1995 여름,7,30.39
19950731,1995 여름,7,31.45
19950801,1995 여름,8,32.15
19950802,1995 여름,8,30.56
19950803,1995 여름,8,30.66
19950804,1995 여름,8,31.72
19950805,1995 여름,8,30.41
19950806,1995 여름,8,32.17
19950807,1995 여름,8,30.97
19950808,1995 여름,8,24.9
19950809,1995 여름,8,25.72
19950810,1995 여름,8,29.4
19950811,1995 여름,8,29.51
19950812,1995 여름,8,30.16
19950813,1995 여름,8,33.15
19950814,1995 여름,8,37
19950815,1995 여름,8,34.86
19950816,1995 여름,8,32.17
19950817,1995 여름,8,32.88
19950818,1995 여름,8,33.22
19950819,1995 여름,8,23.78
19950820,1995 여름,8,24.88
19950821,1995 여름,8,26.07
19950822,1995 여름,8,25.79
19950823,1995 여름,8,23.94
19950824,1995 여름,8,24.03
19950825,1995 여름,8,22.59
19950826,1995 여름,8,21.83
19950827,1995 여름,8,23.97
19950828,1995 여름,8,24.9
19950829,1995 여름,8,24.36
19950830,1995 여름,8,22.98
19950831,1995 여름,8,25.28
19960601,1996 여름,6,25.56
19960602,1996 여름,6,23.66
19960603,1996 여름,6,21.01
19960604,1996 여름,6,22.08
19960605,1996 여름,6,23.15
19960606,1996 여름,6,23.28
19960607,1996 여름,6,22.66
19960608,1996 여름,6,25.06
19960609,1996 여름,6,24.51
19960610,1996 여름,6,20.26
19960611,1996 여름,6,21.44
19960612,1996 여름,6,23.56
19960613,1996 여름,6,24.49
19960614,1996 여름,6,22.55
19960615,1996 여름,6,24.12
19960616,1996 여름,6,24.15
19960617,1996 여름,6,21.13
19960618,1996 여름,6,19.84
19960619,1996 여름,6,22.33
19960620,1996 여름,6,20.93
19960621,1996 여름,6,22.36
19960622,1996 여름,6,23.2
19960623,1996 여름,6,23.38
19960624,1996 여름,6,20.89
19960625,1996 여름,6,21.9
19960626,1996 여름,6,23.1
19960627,1996 여름,6,20.25
19960628,1996 여름,6,20.55
19960629,1996 여름,6,21.37
19960630,1996 여름,6,20.58
19960701,1996 여름,7,22.41
19960702,1996 여름,7,22.16
19960703,1996 여름,7,24.2
19960704,1996 여름,7,22.37
19960705,1996 여름,7,23.96
19960706,1996 여름,7,22.17
19960707,1996 여름,7,23.23
19960708,1996 여름,7,22.73
19960709,1996 여름,7,23.08
19960710,1996 여름,7,23.6
19960711,1996 여름,7,24.4
19960712,1996 여름,7,24.75
19960713,1996 여름,7,23.56
19960714,1996 여름,7,23.23
19960715,1996 여름,7,22.56
19960716,1996 여름,7,21.51
19960717,1996 여름,7,22.91
19960718,1996 여름,7,30.36
19960719,1996 여름,7,29.51
19960720,1996 여름,7,24.59
19960721,1996 여름,7,25.09
19960722,1996 여름,7,23.81
19960723,1996 여름,7,26.11
19960724,1996 여름,7,26.66
19960725,1996 여름,7,30.21
19960726,1996 여름,7,23.63
19960727,1996 여름,7,23.71
19960728,1996 여름,7,25.03
19960729,1996 여름,7,31.4
19960730,1996 여름,7,30.7
19960731,1996 여름,7,31.88
19960801,1996 여름,8,33.51
19960802,1996 여름,8,34.82
19960803,1996 여름,8,34.46
19960804,1996 여름,8,31.28
19960805,1996 여름,8,31.17
19960806,1996 여름,8,32.34
19960807,1996 여름,8,31.21
19960808,1996 여름,8,30.07
19960809,1996 여름,8,32.09
19960810,1996 여름,8,30.36
19960811,1996 여름,8,32.61
19960812,1996 여름,8,31.96
19960813,1996 여름,8,31.26
19960814,1996 여름,8,33.26
19960815,1996 여름,8,26.44
19960816,1996 여름,8,26.16
19960817,1996 여름,8,29.02
19960818,1996 여름,8,29.78
19960819,1996 여름,8,30.09
19960820,1996 여름,8,30.56
19960821,1996 여름,8,31.75
19960822,1996 여름,8,28.7
19960823,1996 여름,8,23.3
19960824,1996 여름,8,23.77
19960825,1996 여름,8,20.38
19960826,1996 여름,8,19.05
19960827,1996 여름,8,19.37
19960828,1996 여름,8,20.28
19960829,1996 여름,8,22.63
19960830,1996 여름,8,21.5
19960831,1996 여름,8,23.31
19970601,1997 여름,6,19.71
19970602,1997 여름,6,16.81
19970603,1997 여름,6,18.57
19970604,1997 여름,6,20.49
19970605,1997 여름,6,17.68
19970606,1997 여름,6,21.15
19970607,1997 여름,6,23.35
19970608,1997 여름,6,22.73
19970609,1997 여름,6,22.92
19970610,1997 여름,6,22.4
19970611,1997 여름,6,22.75
19970612,1997 여름,6,22.84
19970613,1997 여름,6,24.77
19970614,1997 여름,6,26.12
19970615,1997 여름,6,28.08
19970616,1997 여름,6,27.71
19970617,1997 여름,6,27.52
19970618,1997 여름,6,29.87
19970619,1997 여름,6,27.89
19970620,1997 여름,6,23.94
19970621,1997 여름,6,24.31
19970622,1997 여름,6,23.87
19970623,1997 여름,6,25.23
19970624,1997 여름,6,25.7
19970625,1997 여름,6,21.81
19970626,1997 여름,6,22.83
19970627,1997 여름,6,22.05
19970628,1997 여름,6,25.94
19970629,1997 여름,6,26.38
19970630,1997 여름,6,25.99
19970701,1997 여름,7,22.02
19970702,1997 여름,7,24.7
19970703,1997 여름,7,24.82
19970704,1997 여름,7,23.6
19970705,1997 여름,7,21.26
19970706,1997 여름,7,19.87
19970707,1997 여름,7,22.79
19970708,1997 여름,7,24.08
19970709,1997 여름,7,24.7
19970710,1997 여름,7,28.9
19970711,1997 여름,7,28.97
19970712,1997 여름,7,23.06
19970713,1997 여름,7,25.21
19970714,1997 여름,7,25.78
19970715,1997 여름,7,23.11
19970716,1997 여름,7,25.32
19970717,1997 여름,7,26.23
19970718,1997 여름,7,26.31
19970719,1997 여름,7,30.52
19970720,1997 여름,7,32.27
19970721,1997 여름,7,32.8
19970722,1997 여름,7,33.84
19970723,1997 여름,7,37.15
19970724,1997 여름,7,37.79
19970725,1997 여름,7,35.86
19970726,1997 여름,7,33.84
19970727,1997 여름,7,31.84
19970728,1997 여름,7,33.95
19970729,1997 여름,7,35.22
19970730,1997 여름,7,33.43
19970731,1997 여름,7,33.63
19970801,1997 여름,8,33.63
19970802,1997 여름,8,32.34
19970803,1997 여름,8,25.13
19970804,1997 여름,8,21.97
19970805,1997 여름,8,25.22
19970806,1997 여름,8,30.36
19970807,1997 여름,8,30.18
19970808,1997 여름,8,34.29
19970809,1997 여름,8,31.65
19970810,1997 여름,8,28.3
19970811,1997 여름,8,29.66
19970812,1997 여름,8,28.79
19970813,1997 여름,8,28.61
19970814,1997 여름,8,29.9
19970815,1997 여름,8,28.68
19970816,1997 여름,8,27.8
19970817,1997 여름,8,28.61
19970818,1997 여름,8,31.86
19970819,1997 여름,8,26.45
19970820,1997 여름,8,31.98
19970821,1997 여름,8,25.66
19970822,1997 여름,8,24.7
19970823,1997 여름,8,25.74
19970824,1997 여름,8,28.81
19970825,1997 여름,8,28.63
19970826,1997 여름,8,26.13
19970827,1997 여름,8,28.41
19970828,1997 여름,8,25.91
19970829,1997 여름,8,26.46
19970830,1997 여름,8,29.43
19970831,1997 여름,8,31.25
19980601,1998 여름,6,19.27
19980602,1998 여름,6,16.44
19980603,1998 여름,6,15.27
19980604,1998 여름,6,15.38
19980605,1998 여름,6,15.56
19980606,1998 여름,6,18.45
19980607,1998 여름,6,19.64
19980608,1998 여름,6,19.54
19980609,1998 여름,6,22.94
19980610,1998 여름,6,24.31
19980611,1998 여름,6,24.26
19980612,1998 여름,6,25
19980613,1998 여름,6,19.58
19980614,1998 여름,6,20.58
19980615,1998 여름,6,21.97
19980616,1998 여름,6,22.58
19980617,1998 여름,6,25.02
19980618,1998 여름,6,24.17
19980619,1998 여름,6,21.75
19980620,1998 여름,6,24.29
19980621,1998 여름,6,25.87
19980622,1998 여름,6,25.33
19980623,1998 여름,6,25.22
19980624,1998 여름,6,25.59
19980625,1998 여름,6,21.97
19980626,1998 여름,6,21.21
19980627,1998 여름,6,23.25
19980628,1998 여름,6,24.46
19980629,1998 여름,6,26.21
19980630,1998 여름,6,24.92
19980701,1998 여름,7,22.28
19980702,1998 여름,7,21.92
19980703,1998 여름,7,23.39
19980704,1998 여름,7,25.1
19980705,1998 여름,7,25.65
19980706,1998 여름,7,26.59
19980707,1998 여름,7,29.3
19980708,1998 여름,7,24.04
19980709,1998 여름,7,23.88
19980710,1998 여름,7,24.08
19980711,1998 여름,7,25.08
19980712,1998 여름,7,26.5
19980713,1998 여름,7,25.74
19980714,1998 여름,7,25.2
19980715,1998 여름,7,24.23
19980716,1998 여름,7,23.43
19980717,1998 여름,7,25.33
19980718,1998 여름,7,25.45
19980719,1998 여름,7,21.5
19980720,1998 여름,7,24.58
19980721,1998 여름,7,24.7
19980722,1998 여름,7,25.23
19980723,1998 여름,7,26.17
19980724,1998 여름,7,25.62
19980725,1998 여름,7,25.21
19980726,1998 여름,7,23.62
19980727,1998 여름,7,25.5
19980728,1998 여름,7,28.14
19980729,1998 여름,7,29.26
19980730,1998 여름,7,30.74
19980731,1998 여름,7,25.1
19980801,1998 여름,8,24.59
19980802,1998 여름,8,28.76
19980803,1998 여름,8,26.49
19980804,1998 여름,8,25.13
19980805,1998 여름,8,26.6
19980806,1998 여름,8,25.37
19980807,1998 여름,8,26.42
19980808,1998 여름,8,24.15
19980809,1998 여름,8,25.8
19980810,1998 여름,8,24.13
19980811,1998 여름,8,26.32
19980812,1998 여름,8,25.28
19980813,1998 여름,8,26.38
19980814,1998 여름,8,26.17
19980815,1998 여름,8,24.28
19980816,1998 여름,8,25.64
19980817,1998 여름,8,25.28
19980818,1998 여름,8,25.36
19980819,1998 여름,8,25.45
19980820,1998 여름,8,25.86
19980821,1998 여름,8,25.02
19980822,1998 여름,8,25.54
19980823,1998 여름,8,24.48
19980824,1998 여름,8,23.25
19980825,1998 여름,8,24.02
19980826,1998 여름,8,24.3
19980827,1998 여름,8,22.31
19980828,1998 여름,8,22.79
19980829,1998 여름,8,24.22
19980830,1998 여름,8,23.86
19980831,1998 여름,8,23.65
19990601,1999 여름,6,20.04
19990602,1999 여름,6,18.85
19990603,1999 여름,6,21.44
19990604,1999 여름,6,23.42
19990605,1999 여름,6,25.57
19990606,1999 여름,6,22.29
19990607,1999 여름,6,22.79
19990608,1999 여름,6,23.44
19990609,1999 여름,6,23.69
19990610,1999 여름,6,23.73
19990611,1999 여름,6,22.62
19990612,1999 여름,6,22.95
19990613,1999 여름,6,23.72
19990614,1999 여름,6,24.86
19990615,1999 여름,6,24.08
19990616,1999 여름,6,19.11
19990617,1999 여름,6,20.43
19990618,1999 여름,6,22
19990619,1999 여름,6,21.55
19990620,1999 여름,6,21.7
19990621,1999 여름,6,23.93
19990622,1999 여름,6,24.4
19990623,1999 여름,6,20.49
19990624,1999 여름,6,21.1
19990625,1999 여름,6,23
19990626,1999 여름,6,24.99
19990627,1999 여름,6,25.18
19990628,1999 여름,6,27.9
19990629,1999 여름,6,29.37
19990630,1999 여름,6,26.08
19990701,1999 여름,7,25.81
19990702,1999 여름,7,25.53
19990703,1999 여름,7,25.6
19990704,1999 여름,7,26.04
19990705,1999 여름,7,25.95
19990706,1999 여름,7,26.24
19990707,1999 여름,7,26.41
19990708,1999 여름,7,26.2
19990709,1999 여름,7,23.98
19990710,1999 여름,7,21.22
19990711,1999 여름,7,24.49
19990712,1999 여름,7,23.75
19990713,1999 여름,7,25.97
19990714,1999 여름,7,28.28
19990715,1999 여름,7,23.63
19990716,1999 여름,7,23.92
19990717,1999 여름,7,24.82
19990718,1999 여름,7,25.32
19990719,1999 여름,7,28.81
19990720,1999 여름,7,32.51
19990721,1999 여름,7,32.7
19990722,1999 여름,7,25.78
19990723,1999 여름,7,26.04
19990724,1999 여름,7,26.15
19990725,1999 여름,7,26.63
19990726,1999 여름,7,33.5
19990727,1999 여름,7,31.59
19990728,1999 여름,7,25.12
19990729,1999 여름,7,24.74
19990730,1999 여름,7,29.41
19990731,1999 여름,7,25.5
19990801,1999 여름,8,23.58
19990802,1999 여름,8,21.08
19990803,1999 여름,8,20.99
19990804,1999 여름,8,23.6
19990805,1999 여름,8,26.08
19990806,1999 여름,8,30.09
19990807,1999 여름,8,32.06
19990808,1999 여름,8,33.66
19990809,1999 여름,8,32.85
19990810,1999 여름,8,35.06
19990811,1999 여름,8,33.18
19990812,1999 여름,8,32.53
19990813,1999 여름,8,30.88
19990814,1999 여름,8,31.82
19990815,1999 여름,8,30.98
19990816,1999 여름,8,31.58
19990817,1999 여름,8,33.42
19990818,1999 여름,8,29.57
19990819,1999 여름,8,25.08
19990820,1999 여름,8,25.24
19990821,1999 여름,8,24.42
19990822,1999 여름,8,23.58
19990823,1999 여름,8,25.31
19990824,1999 여름,8,24.83
19990825,1999 여름,8,24.43
19990826,1999 여름,8,25
19990827,1999 여름,8,22.38
19990828,1999 여름,8,23.83
19990829,1999 여름,8,24.32
19990830,1999 여름,8,24.03
19990831,1999 여름,8,23.36
20000601,2000 여름,6,20.14
20000602,2000 여름,6,21.51
20000603,2000 여름,6,24.51
20000604,2000 여름,6,25.84
20000605,2000 여름,6,24.73
20000606,2000 여름,6,22.08
20000607,2000 여름,6,22.06
20000608,2000 여름,6,20.51
20000609,2000 여름,6,19.93
20000610,2000 여름,6,20.13
20000611,2000 여름,6,21.31
20000612,2000 여름,6,22.61
20000613,2000 여름,6,22.61
20000614,2000 여름,6,24.1
20000615,2000 여름,6,24.49
20000616,2000 여름,6,24.78
20000617,2000 여름,6,25.62
20000618,2000 여름,6,25.91
20000619,2000 여름,6,25.78
20000620,2000 여름,6,25.68
20000621,2000 여름,6,25.86
20000622,2000 여름,6,23.28
20000623,2000 여름,6,22.68
20000624,2000 여름,6,24.15
20000625,2000 여름,6,24.75
20000626,2000 여름,6,24.07
20000627,2000 여름,6,23.91
20000628,2000 여름,6,25.83
20000629,2000 여름,6,23.22
20000630,2000 여름,6,22.78
20000701,2000 여름,7,25.08
20000702,2000 여름,7,29.09
20000703,2000 여름,7,30.13
20000704,2000 여름,7,30.31
20000705,2000 여름,7,30.35
20000706,2000 여름,7,31.43
20000707,2000 여름,7,29.45
20000708,2000 여름,7,27.32
20000709,2000 여름,7,26.54
20000710,2000 여름,7,29.79
20000711,2000 여름,7,23.9
20000712,2000 여름,7,24.8
20000713,2000 여름,7,25.49
20000714,2000 여름,7,26.35
20000715,2000 여름,7,26.44
20000716,2000 여름,7,25.46
20000717,2000 여름,7,29.1
20000718,2000 여름,7,30.26
20000719,2000 여름,7,26.65
20000720,2000 여름,7,31.12
20000721,2000 여름,7,30.41
20000722,2000 여름,7,24.83
20000723,2000 여름,7,25.43
20000724,2000 여름,7,26.23
20000725,2000 여름,7,25.54
20000726,2000 여름,7,26.64
20000727,2000 여름,7,29.9
20000728,2000 여름,7,29.92
20000729,2000 여름,7,30.25
20000730,2000 여름,7,23.97
20000731,2000 여름,7,25.06
20000801,2000 여름,8,26.05
20000802,2000 여름,8,30.1
20000803,2000 여름,8,29.4
20000804,2000 여름,8,24.63
20000805,2000 여름,8,24.94
20000806,2000 여름,8,24.2
20000807,2000 여름,8,24.32
20000808,2000 여름,8,26.31
20000809,2000 여름,8,26.45
20000810,2000 여름,8,29.82
20000811,2000 여름,8,30.38
20000812,2000 여름,8,31.3
20000813,2000 여름,8,31.1
20000814,2000 여름,8,30.54
20000815,2000 여름,8,30.77
20000816,2000 여름,8,30.89
20000817,2000 여름,8,31.22
20000818,2000 여름,8,30.96
20000819,2000 여름,8,24.58
20000820,2000 여름,8,22.16
20000821,2000 여름,8,22.58
20000822,2000 여름,8,24.73
20000823,2000 여름,8,25.4
20000824,2000 여름,8,23.17
20000825,2000 여름,8,21.78
20000826,2000 여름,8,21.91
20000827,2000 여름,8,24.61
20000828,2000 여름,8,25.28
20000829,2000 여름,8,30.16
20000830,2000 여름,8,31.43
20000831,2000 여름,8,25.44
20010601,2001 여름,6,18.74
20010602,2001 여름,6,21.78
20010603,2001 여름,6,23.58
20010604,2001 여름,6,22.64
20010605,2001 여름,6,20.82
20010606,2001 여름,6,22.77
20010607,2001 여름,6,25.02
20010608,2001 여름,6,24.91
20010609,2001 여름,6,24.49
20010610,2001 여름,6,25.76
20010611,2001 여름,6,24.2
20010612,2001 여름,6,22.32
20010613,2001 여름,6,21.25
20010614,2001 여름,6,22.43
20010615,2001 여름,6,22.24
20010616,2001 여름,6,21.87
20010617,2001 여름,6,23.68
20010618,2001 여름,6,20.27
20010619,2001 여름,6,21.58
20010620,2001 여름,6,22.94
20010621,2001 여름,6,22.31
20010622,2001 여름,6,21.89
20010623,2001 여름,6,21.58
20010624,2001 여름,6,20.49
20010625,2001 여름,6,22.48
20010626,2001 여름,6,22.31
20010627,2001 여름,6,21.52
20010628,2001 여름,6,23.59
20010629,2001 여름,6,22.84
20010630,2001 여름,6,21.34
20010701,2001 여름,7,24.85
20010702,2001 여름,7,30.14
20010703,2001 여름,7,25.13
20010704,2001 여름,7,26.16
20010705,2001 여름,7,23.7
20010706,2001 여름,7,25.89
20010707,2001 여름,7,25.97
20010708,2001 여름,7,25.16
20010709,2001 여름,7,24.96
20010710,2001 여름,7,21.95
20010711,2001 여름,7,24.57
20010712,2001 여름,7,26.61
20010713,2001 여름,7,26.53
20010714,2001 여름,7,24.73
20010715,2001 여름,7,23.28
20010716,2001 여름,7,25.28
20010717,2001 여름,7,26.48
20010718,2001 여름,7,26.4
20010719,2001 여름,7,26.33
20010720,2001 여름,7,26.29
20010721,2001 여름,7,25.96
20010722,2001 여름,7,26.3
20010723,2001 여름,7,25.92
20010724,2001 여름,7,26.06
20010725,2001 여름,7,30.56
20010726,2001 여름,7,31.99
20010727,2001 여름,7,30.48
20010728,2001 여름,7,30.96
20010729,2001 여름,7,25.16
20010730,2001 여름,7,25.31
20010731,2001 여름,7,25.79
20010801,2001 여름,8,29.61
20010802,2001 여름,8,32.54
20010803,2001 여름,8,32.63
20010804,2001 여름,8,33.65
20010805,2001 여름,8,29.26
20010806,2001 여름,8,30.94
20010807,2001 여름,8,29.93
20010808,2001 여름,8,26.45
20010809,2001 여름,8,25.39
20010810,2001 여름,8,26.41
20010811,2001 여름,8,25.68
20010812,2001 여름,8,23.87
20010813,2001 여름,8,21.52
20010814,2001 여름,8,24.65
20010815,2001 여름,8,25.16
20010816,2001 여름,8,31.41
20010817,2001 여름,8,33.3
20010818,2001 여름,8,31.03
20010819,2001 여름,8,29.53
20010820,2001 여름,8,29.36
20010821,2001 여름,8,29.7
20010822,2001 여름,8,28.64
20010823,2001 여름,8,26.55
20010824,2001 여름,8,26.5
20010825,2001 여름,8,25.4
20010826,2001 여름,8,25.58
20010827,2001 여름,8,25.69
20010828,2001 여름,8,25.1
20010829,2001 여름,8,23.48
20010830,2001 여름,8,24.06
20010831,2001 여름,8,24.95
20020601,2002 여름,6,20.2
20020602,2002 여름,6,22.5
20020603,2002 여름,6,23.42
20020604,2002 여름,6,22.45
20020605,2002 여름,6,24.93
20020606,2002 여름,6,25.97
20020607,2002 여름,6,25.55
20020608,2002 여름,6,22.1
20020609,2002 여름,6,22.7
20020610,2002 여름,6,22.51
20020611,2002 여름,6,21.82
20020612,2002 여름,6,18.6
20020613,2002 여름,6,19.88
20020614,2002 여름,6,20.33
20020615,2002 여름,6,20.63
20020616,2002 여름,6,22.24
20020617,2002 여름,6,23.08
20020618,2002 여름,6,23.68
20020619,2002 여름,6,22.27
20020620,2002 여름,6,22.2
20020621,2002 여름,6,23.53
20020622,2002 여름,6,23.78
20020623,2002 여름,6,18.43
20020624,2002 여름,6,16.38
20020625,2002 여름,6,19.82
20020626,2002 여름,6,20.78
20020627,2002 여름,6,21.73
20020628,2002 여름,6,23.34
20020629,2002 여름,6,25.65
20020630,2002 여름,6,26.24
20020701,2002 여름,7,25.02
20020702,2002 여름,7,24.29
20020703,2002 여름,7,25.88
20020704,2002 여름,7,29.03
20020705,2002 여름,7,23.81
20020706,2002 여름,7,21.33
20020707,2002 여름,7,22.58
20020708,2002 여름,7,24.11
20020709,2002 여름,7,25.17
20020710,2002 여름,7,26.18
20020711,2002 여름,7,25.34
20020712,2002 여름,7,25.34
20020713,2002 여름,7,25.17
20020714,2002 여름,7,23.47
20020715,2002 여름,7,25.65
20020716,2002 여름,7,24.7
20020717,2002 여름,7,24.4
20020718,2002 여름,7,24.68
20020719,2002 여름,7,21.15
20020720,2002 여름,7,23.25
20020721,2002 여름,7,25.6
20020722,2002 여름,7,24.6
20020723,2002 여름,7,22.34
20020724,2002 여름,7,25.16
20020725,2002 여름,7,30.32
20020726,2002 여름,7,29.83
20020727,2002 여름,7,31.4
20020728,2002 여름,7,32.81
20020729,2002 여름,7,30.81
20020730,2002 여름,7,26.64
20020731,2002 여름,7,26.02
20020801,2002 여름,8,25.95
20020802,2002 여름,8,25.99
20020803,2002 여름,8,25.77
20020804,2002 여름,8,25.59
20020805,2002 여름,8,29.34
20020806,2002 여름,8,22.82
20020807,2002 여름,8,21.06
20020808,2002 여름,8,24.93
20020809,2002 여름,8,25.45
20020810,2002 여름,8,21.83
20020811,2002 여름,8,20.26
20020812,2002 여름,8,20.62
20020813,2002 여름,8,22.94
20020814,2002 여름,8,23.1
20020815,2002 여름,8,24
20020816,2002 여름,8,23.91
20020817,2002 여름,8,22.95
20020818,2002 여름,8,24.53
20020819,2002 여름,8,22.6
20020820,2002 여름,8,24.39
20020821,2002 여름,8,24.44
20020822,2002 여름,8,22.86
20020823,2002 여름,8,24.56
20020824,2002 여름,8,25.62
20020825,2002 여름,8,25.23
20020826,2002 여름,8,26.47
20020827,2002 여름,8,24.39
20020828,2002 여름,8,25.47
20020829,2002 여름,8,30.4
20020830,2002 여름,8,25.95
20020831,2002 여름,8,22.61
20030601,2003 여름,6,23.63
20030602,2003 여름,6,22.61
20030603,2003 여름,6,22.08
20030604,2003 여름,6,21.71
20030605,2003 여름,6,22.4
20030606,2003 여름,6,18.9
20030607,2003 여름,6,20.5
20030608,2003 여름,6,23.97
20030609,2003 여름,6,25.77
20030610,2003 여름,6,23.05
20030611,2003 여름,6,21.18
20030612,2003 여름,6,19.25
20030613,2003 여름,6,20.14
20030614,2003 여름,6,20.3
20030615,2003 여름,6,18.1
20030616,2003 여름,6,20.3
20030617,2003 여름,6,22.2
20030618,2003 여름,6,22.42
20030619,2003 여름,6,23.18
20030620,2003 여름,6,22.01
20030621,2003 여름,6,23.39
20030622,2003 여름,6,24.48
20030623,2003 여름,6,21.69
20030624,2003 여름,6,16.87
20030625,2003 여름,6,18.9
20030626,2003 여름,6,22.21
20030627,2003 여름,6,20.18
20030628,2003 여름,6,22.66
20030629,2003 여름,6,19.8
20030630,2003 여름,6,22.76
20030701,2003 여름,7,22.98
20030702,2003 여름,7,24.61
20030703,2003 여름,7,21.55
20030704,2003 여름,7,22.28
20030705,2003 여름,7,24.92
20030706,2003 여름,7,24.55
20030707,2003 여름,7,25.12
20030708,2003 여름,7,25.6
20030709,2003 여름,7,22.05
20030710,2003 여름,7,23.23
20030711,2003 여름,7,24.88
20030712,2003 여름,7,23.59
20030713,2003 여름,7,24.47
20030714,2003 여름,7,23.58
20030715,2003 여름,7,24.73
20030716,2003 여름,7,24.86
20030717,2003 여름,7,24.38
20030718,2003 여름,7,19.99
20030719,2003 여름,7,20.34
20030720,2003 여름,7,23.42
20030721,2003 여름,7,25.53
20030722,2003 여름,7,23.04
20030723,2003 여름,7,22.45
20030724,2003 여름,7,24.51
20030725,2003 여름,7,25.91
20030726,2003 여름,7,25.62
20030727,2003 여름,7,21.25
20030728,2003 여름,7,22.24
20030729,2003 여름,7,24.44
20030730,2003 여름,7,26.05
20030731,2003 여름,7,26.4
20030801,2003 여름,8,25.79
20030802,2003 여름,8,24.95
20030803,2003 여름,8,25.19
20030804,2003 여름,8,26.63
20030805,2003 여름,8,25.95
20030806,2003 여름,8,23.52
20030807,2003 여름,8,22.74
20030808,2003 여름,8,24.8
20030809,2003 여름,8,26.55
20030810,2003 여름,8,24.37
20030811,2003 여름,8,23.65
20030812,2003 여름,8,24.79
20030813,2003 여름,8,24.76
20030814,2003 여름,8,24.83
20030815,2003 여름,8,24.81
20030816,2003 여름,8,23.59
20030817,2003 여름,8,22.91
20030818,2003 여름,8,21.43
20030819,2003 여름,8,21.68
20030820,2003 여름,8,24.46
20030821,2003 여름,8,26.3
20030822,2003 여름,8,29.59
20030823,2003 여름,8,24.65
20030824,2003 여름,8,22.88
20030825,2003 여름,8,24.93
20030826,2003 여름,8,24.18
20030827,2003 여름,8,21.64
20030828,2003 여름,8,23.87
20030829,2003 여름,8,22.45
20030830,2003 여름,8,20.41
20030831,2003 여름,8,20.82
20040601,2004 여름,6,21.03
20040602,2004 여름,6,23.1
20040603,2004 여름,6,25.83
20040604,2004 여름,6,26.13
20040605,2004 여름,6,25.88
20040606,2004 여름,6,23.51
20040607,2004 여름,6,21.79
20040608,2004 여름,6,20.12
20040609,2004 여름,6,20.56
20040610,2004 여름,6,22.82
20040611,2004 여름,6,25.26
20040612,2004 여름,6,25.01
20040613,2004 여름,6,23.37
20040614,2004 여름,6,23.53
20040615,2004 여름,6,25.22
20040616,2004 여름,6,25.53
20040617,2004 여름,6,19.67
20040618,2004 여름,6,20.2
20040619,2004 여름,6,21.03
20040620,2004 여름,6,21.45
20040621,2004 여름,6,22.8
20040622,2004 여름,6,20.88
20040623,2004 여름,6,22.09
20040624,2004 여름,6,25.01
20040625,2004 여름,6,25.33
20040626,2004 여름,6,24.3
20040627,2004 여름,6,24.48
20040628,2004 여름,6,22.79
20040629,2004 여름,6,22.21
20040630,2004 여름,6,24.56
20040701,2004 여름,7,24.28
20040702,2004 여름,7,22.9
20040703,2004 여름,7,24.56
20040704,2004 여름,7,21.03
20040705,2004 여름,7,22.66
20040706,2004 여름,7,23.38
20040707,2004 여름,7,21.61
20040708,2004 여름,7,21.29
20040709,2004 여름,7,22.63
20040710,2004 여름,7,24
20040711,2004 여름,7,23.57
20040712,2004 여름,7,22.19
20040713,2004 여름,7,21.11
20040714,2004 여름,7,23.38
20040715,2004 여름,7,22.85
20040716,2004 여름,7,22.9
20040717,2004 여름,7,22.39
20040718,2004 여름,7,24.96
20040719,2004 여름,7,26.33
20040720,2004 여름,7,25.75
20040721,2004 여름,7,29.46
20040722,2004 여름,7,30.07
20040723,2004 여름,7,30.57
20040724,2004 여름,7,28.93
20040725,2004 여름,7,25.52
20040726,2004 여름,7,26.3
20040727,2004 여름,7,30.17
20040728,2004 여름,7,32.16
20040729,2004 여름,7,32.19
20040730,2004 여름,7,32.48
20040731,2004 여름,7,33.47
20040801,2004 여름,8,31.74
20040802,2004 여름,8,29.81
20040803,2004 여름,8,31.41
20040804,2004 여름,8,31.64
20040805,2004 여름,8,30.13
20040806,2004 여름,8,31.39
20040807,2004 여름,8,32.07
20040808,2004 여름,8,31.48
20040809,2004 여름,8,31.82
20040810,2004 여름,8,34.49
20040811,2004 여름,8,32.25
20040812,2004 여름,8,32.36
20040813,2004 여름,8,31.81
20040814,2004 여름,8,26.42
20040815,2004 여름,8,28.15
20040816,2004 여름,8,25.4
20040817,2004 여름,8,22.98
20040818,2004 여름,8,23.28
20040819,2004 여름,8,21.79
20040820,2004 여름,8,23.48
20040821,2004 여름,8,23.23
20040822,2004 여름,8,22.8
20040823,2004 여름,8,22.86
20040824,2004 여름,8,23.81
20040825,2004 여름,8,24.26
20040826,2004 여름,8,23.86
20040827,2004 여름,8,24.48
20040828,2004 여름,8,23.82
20040829,2004 여름,8,25.21
20040830,2004 여름,8,26.21
20040831,2004 여름,8,24.36
20050601,2005 여름,6,19.67
20050602,2005 여름,6,19.27
20050603,2005 여름,6,18.14
20050604,2005 여름,6,19.44
20050605,2005 여름,6,22.44
20050606,2005 여름,6,22.44
20050607,2005 여름,6,21.72
20050608,2005 여름,6,22.99
20050609,2005 여름,6,23.44
20050610,2005 여름,6,19.5
20050611,2005 여름,6,20.98
20050612,2005 여름,6,21.58
20050613,2005 여름,6,24.53
20050614,2005 여름,6,24.48
20050615,2005 여름,6,21.39
20050616,2005 여름,6,21.11
20050617,2005 여름,6,22.48
20050618,2005 여름,6,23.13
20050619,2005 여름,6,23.52
20050620,2005 여름,6,23.56
20050621,2005 여름,6,24.42
20050622,2005 여름,6,24.2
20050623,2005 여름,6,24.31
20050624,2005 여름,6,25.66
20050625,2005 여름,6,25.33
20050626,2005 여름,6,24.93
20050627,2005 여름,6,22.78
20050628,2005 여름,6,23.56
20050629,2005 여름,6,22.83
20050630,2005 여름,6,25.47
20050701,2005 여름,7,23.93
20050702,2005 여름,7,24.01
20050703,2005 여름,7,21.65
20050704,2005 여름,7,24.02
20050705,2005 여름,7,23.14
20050706,2005 여름,7,24.51
20050707,2005 여름,7,24.2
20050708,2005 여름,7,25.05
20050709,2005 여름,7,22.52
20050710,2005 여름,7,23.63
20050711,2005 여름,7,20.98
20050712,2005 여름,7,22.87
20050713,2005 여름,7,23.33
20050714,2005 여름,7,25.01
20050715,2005 여름,7,25.61
20050716,2005 여름,7,26.07
20050717,2005 여름,7,24.86
20050718,2005 여름,7,26.28
20050719,2005 여름,7,26.49
20050720,2005 여름,7,29.11
20050721,2005 여름,7,29.2
20050722,2005 여름,7,32.19
20050723,2005 여름,7,34.6
20050724,2005 여름,7,33.44
20050725,2005 여름,7,30.54
20050726,2005 여름,7,29.4
20050727,2005 여름,7,28.94
20050728,2005 여름,7,23.31
20050729,2005 여름,7,25.16
20050730,2005 여름,7,26.16
20050731,2005 여름,7,28.69
20050801,2005 여름,8,25.19
20050802,2005 여름,8,26.41
20050803,2005 여름,8,24.73
20050804,2005 여름,8,31.41
20050805,2005 여름,8,33.38
20050806,2005 여름,8,32.83
20050807,2005 여름,8,29.06
20050808,2005 여름,8,26.18
20050809,2005 여름,8,26.42
20050810,2005 여름,8,25.19
20050811,2005 여름,8,25.06
20050812,2005 여름,8,25.91
20050813,2005 여름,8,29.79
20050814,2005 여름,8,30.08
20050815,2005 여름,8,29.92
20050816,2005 여름,8,31.8
20050817,2005 여름,8,31.53
20050818,2005 여름,8,25.92
20050819,2005 여름,8,21.73
20050820,2005 여름,8,22.96
20050821,2005 여름,8,23.83
20050822,2005 여름,8,23.23
20050823,2005 여름,8,24.08
20050824,2005 여름,8,21.11
20050825,2005 여름,8,17.51
20050826,2005 여름,8,20.81
20050827,2005 여름,8,23.6
20050828,2005 여름,8,22.96
20050829,2005 여름,8,24.57
20050830,2005 여름,8,24.19
20050831,2005 여름,8,25.4
20060601,2006 여름,6,22.64
20060602,2006 여름,6,25.6
20060603,2006 여름,6,23.65
20060604,2006 여름,6,20.89
20060605,2006 여름,6,21.25
20060606,2006 여름,6,21.85
20060607,2006 여름,6,21.84
20060608,2006 여름,6,20.5
20060609,2006 여름,6,20.68
20060610,2006 여름,6,17.7
20060611,2006 여름,6,16.77
20060612,2006 여름,6,20.85
20060613,2006 여름,6,23.52
20060614,2006 여름,6,19.2
20060615,2006 여름,6,18.71
20060616,2006 여름,6,21.11
20060617,2006 여름,6,22.31
20060618,2006 여름,6,21.59
20060619,2006 여름,6,22.52
20060620,2006 여름,6,22.63
20060621,2006 여름,6,19.39
20060622,2006 여름,6,22.42
20060623,2006 여름,6,23.9
20060624,2006 여름,6,24.27
20060625,2006 여름,6,24.78
20060626,2006 여름,6,20.51
20060627,2006 여름,6,21.04
20060628,2006 여름,6,23.56
20060629,2006 여름,6,24.91
20060630,2006 여름,6,23.28
20060701,2006 여름,7,22.63
20060702,2006 여름,7,22.84
20060703,2006 여름,7,24.08
20060704,2006 여름,7,22.65
20060705,2006 여름,7,21.54
20060706,2006 여름,7,21.05
20060707,2006 여름,7,22.79
20060708,2006 여름,7,25.22
20060709,2006 여름,7,25.76
20060710,2006 여름,7,23.97
20060711,2006 여름,7,24.61
20060712,2006 여름,7,23.67
20060713,2006 여름,7,25.02
20060714,2006 여름,7,29.73
20060715,2006 여름,7,24.62
20060716,2006 여름,7,18.87
20060717,2006 여름,7,19.28
20060718,2006 여름,7,19.04
20060719,2006 여름,7,21.48
20060720,2006 여름,7,21.97
20060721,2006 여름,7,21.79
20060722,2006 여름,7,23.49
20060723,2006 여름,7,23.31
20060724,2006 여름,7,23.48
20060725,2006 여름,7,24.66
20060726,2006 여름,7,22.27
20060727,2006 여름,7,20.94
20060728,2006 여름,7,21.7
20060729,2006 여름,7,24.29
20060730,2006 여름,7,26.08
20060731,2006 여름,7,26.45
20060801,2006 여름,8,29.81
20060802,2006 여름,8,30.5
20060803,2006 여름,8,31.18
20060804,2006 여름,8,32.71
20060805,2006 여름,8,32.5
20060806,2006 여름,8,30.73
20060807,2006 여름,8,29.6
20060808,2006 여름,8,31.91
20060809,2006 여름,8,32.89
20060810,2006 여름,8,30.74
20060811,2006 여름,8,28.18
20060812,2006 여름,8,29.44
20060813,2006 여름,8,31.77
20060814,2006 여름,8,33.38
20060815,2006 여름,8,32.64
20060816,2006 여름,8,32.42
20060817,2006 여름,8,28.82
20060818,2006 여름,8,26.5
20060819,2006 여름,8,25
20060820,2006 여름,8,23.35
20060821,2006 여름,8,28.16
20060822,2006 여름,8,29.97
20060823,2006 여름,8,28.9
20060824,2006 여름,8,28.53
20060825,2006 여름,8,25.17
20060826,2006 여름,8,25.28
20060827,2006 여름,8,24.25
20060828,2006 여름,8,25.44
20060829,2006 여름,8,23.82
20060830,2006 여름,8,25.17
20060831,2006 여름,8,25.38
20070601,2007 여름,6,20.42
20070602,2007 여름,6,23.03
20070603,2007 여름,6,23.83
20070604,2007 여름,6,22.76
20070605,2007 여름,6,19.89
20070606,2007 여름,6,20.15
20070607,2007 여름,6,19.17
20070608,2007 여름,6,19.63
20070609,2007 여름,6,20.28
20070610,2007 여름,6,23.3
20070611,2007 여름,6,24.23
20070612,2007 여름,6,24.44
20070613,2007 여름,6,23.79
20070614,2007 여름,6,23.51
20070615,2007 여름,6,23.08
20070616,2007 여름,6,25.39
20070617,2007 여름,6,25.45
20070618,2007 여름,6,26.48
20070619,2007 여름,6,26.35
20070620,2007 여름,6,24.3
20070621,2007 여름,6,21.39
20070622,2007 여름,6,24.9
20070623,2007 여름,6,25
20070624,2007 여름,6,21.23
20070625,2007 여름,6,21.43
20070626,2007 여름,6,25.29
20070627,2007 여름,6,25.68
20070628,2007 여름,6,24.76
20070629,2007 여름,6,21.96
20070630,2007 여름,6,24.15
20070701,2007 여름,7,20.02
20070702,2007 여름,7,20.38
20070703,2007 여름,7,23.47
20070704,2007 여름,7,22.62
20070705,2007 여름,7,22.5
20070706,2007 여름,7,25.95
20070707,2007 여름,7,26.43
20070708,2007 여름,7,25.83
20070709,2007 여름,7,26.35
20070710,2007 여름,7,22.43
20070711,2007 여름,7,19.02
20070712,2007 여름,7,23.26
20070713,2007 여름,7,25.58
20070714,2007 여름,7,24.13
20070715,2007 여름,7,24.5
20070716,2007 여름,7,20.38
20070717,2007 여름,7,22.3
20070718,2007 여름,7,25.55
20070719,2007 여름,7,24.35
20070720,2007 여름,7,25.95
20070721,2007 여름,7,23.88
20070722,2007 여름,7,24.58
20070723,2007 여름,7,25.3
20070724,2007 여름,7,23.63
20070725,2007 여름,7,24.48
20070726,2007 여름,7,26.47
20070727,2007 여름,7,29.25
20070728,2007 여름,7,25.13
20070729,2007 여름,7,24.67
20070730,2007 여름,7,26.24
20070731,2007 여름,7,26.28
20070801,2007 여름,8,29.66
20070802,2007 여름,8,31.3
20070803,2007 여름,8,30.48
20070804,2007 여름,8,24.69
20070805,2007 여름,8,24.73
20070806,2007 여름,8,25.73
20070807,2007 여름,8,23.76
20070808,2007 여름,8,25.14
20070809,2007 여름,8,25.92
20070810,2007 여름,8,31.12
20070811,2007 여름,8,31.64
20070812,2007 여름,8,26.44
20070813,2007 여름,8,30.49
20070814,2007 여름,8,25.95
20070815,2007 여름,8,26.29
20070816,2007 여름,8,30.12
20070817,2007 여름,8,30.32
20070818,2007 여름,8,29.09
20070819,2007 여름,8,29.56
20070820,2007 여름,8,29.32
20070821,2007 여름,8,30.49
20070822,2007 여름,8,29.97
20070823,2007 여름,8,28.13
20070824,2007 여름,8,28.64
20070825,2007 여름,8,31.37
20070826,2007 여름,8,30.91
20070827,2007 여름,8,29.79
20070828,2007 여름,8,28.38
20070829,2007 여름,8,23.58
20070830,2007 여름,8,23.1
20070831,2007 여름,8,23.62
20080601,2008 여름,6,21.25
20080602,2008 여름,6,19.25
20080603,2008 여름,6,18.68
20080604,2008 여름,6,16.97
20080605,2008 여름,6,14.96
20080606,2008 여름,6,16.6
20080607,2008 여름,6,18.86
20080608,2008 여름,6,18.96
20080609,2008 여름,6,20.74
20080610,2008 여름,6,22.7
20080611,2008 여름,6,24.4
20080612,2008 여름,6,23.68
20080613,2008 여름,6,21.48
20080614,2008 여름,6,23.88
20080615,2008 여름,6,22.6
20080616,2008 여름,6,22.51
20080617,2008 여름,6,22.98
20080618,2008 여름,6,19.52
20080619,2008 여름,6,20.16
20080620,2008 여름,6,23.96
20080621,2008 여름,6,24.47
20080622,2008 여름,6,22.76
20080623,2008 여름,6,22.7
20080624,2008 여름,6,23.35
20080625,2008 여름,6,23.62
20080626,2008 여름,6,23.46
20080627,2008 여름,6,23.43
20080628,2008 여름,6,22.9
20080629,2008 여름,6,22.19
20080630,2008 여름,6,22.44
20080701,2008 여름,7,24.53
20080702,2008 여름,7,22.64
20080703,2008 여름,7,21.95
20080704,2008 여름,7,24.11
20080705,2008 여름,7,24.4
20080706,2008 여름,7,25.63
20080707,2008 여름,7,24.64
20080708,2008 여름,7,29.99
20080709,2008 여름,7,29.57
20080710,2008 여름,7,26.35
20080711,2008 여름,7,28.28
20080712,2008 여름,7,24.5
20080713,2008 여름,7,25.84
20080714,2008 여름,7,28.98
20080715,2008 여름,7,30.49
20080716,2008 여름,7,25.08
20080717,2008 여름,7,25.17
20080718,2008 여름,7,26.05
20080719,2008 여름,7,23.98
20080720,2008 여름,7,24.57
20080721,2008 여름,7,23.02
20080722,2008 여름,7,24.53
20080723,2008 여름,7,24.03
20080724,2008 여름,7,22.37
20080725,2008 여름,7,23.34
20080726,2008 여름,7,22.1
20080727,2008 여름,7,24.95
20080728,2008 여름,7,28.79
20080729,2008 여름,7,30.5
20080730,2008 여름,7,26.16
20080731,2008 여름,7,26.53
20080801,2008 여름,8,30.35
20080802,2008 여름,8,26.03
20080803,2008 여름,8,25.51
20080804,2008 여름,8,25.32
20080805,2008 여름,8,26.22
20080806,2008 여름,8,29.63
20080807,2008 여름,8,30.4
20080808,2008 여름,8,31.97
20080809,2008 여름,8,30.76
20080810,2008 여름,8,32.87
20080811,2008 여름,8,31.02
20080812,2008 여름,8,25.41
20080813,2008 여름,8,29.7
20080814,2008 여름,8,29.76
20080815,2008 여름,8,25.9
20080816,2008 여름,8,21.67
20080817,2008 여름,8,23.93
20080818,2008 여름,8,23.03
20080819,2008 여름,8,23.91
20080820,2008 여름,8,23.02
20080821,2008 여름,8,23.32
20080822,2008 여름,8,18.22
20080823,2008 여름,8,21.36
20080824,2008 여름,8,23.43
20080825,2008 여름,8,24.32
20080826,2008 여름,8,24.15
20080827,2008 여름,8,23.77
20080828,2008 여름,8,24.49
20080829,2008 여름,8,25.18
20080830,2008 여름,8,25.69
20080831,2008 여름,8,25.09
20090601,2009 여름,6,21.44
20090602,2009 여름,6,22.03
20090603,2009 여름,6,19.29
20090604,2009 여름,6,21.08
20090605,2009 여름,6,22.22
20090606,2009 여름,6,22.22
20090607,2009 여름,6,19.28
20090608,2009 여름,6,20.7
20090609,2009 여름,6,19.78
20090610,2009 여름,6,18.87
20090611,2009 여름,6,20.9
20090612,2009 여름,6,19.57
20090613,2009 여름,6,19.96
20090614,2009 여름,6,20.54
20090615,2009 여름,6,21.55
20090616,2009 여름,6,21.71
20090617,2009 여름,6,21.18
20090618,2009 여름,6,24.68
20090619,2009 여름,6,25.07
20090620,2009 여름,6,22.8
20090621,2009 여름,6,25.12
20090622,2009 여름,6,22.99
20090623,2009 여름,6,23.18
20090624,2009 여름,6,24.44
20090625,2009 여름,6,24.91
20090626,2009 여름,6,24.42
20090627,2009 여름,6,25.82
20090628,2009 여름,6,25.96
20090629,2009 여름,6,26.18
20090630,2009 여름,6,24.65
20090701,2009 여름,7,23.5
20090702,2009 여름,7,20.85
20090703,2009 여름,7,22.27
20090704,2009 여름,7,22.86
20090705,2009 여름,7,24.44
20090706,2009 여름,7,24.98
20090707,2009 여름,7,24.91
20090708,2009 여름,7,26.14
20090709,2009 여름,7,22.33
20090710,2009 여름,7,23.68
20090711,2009 여름,7,24.6
20090712,2009 여름,7,20.8
20090713,2009 여름,7,23.1
20090714,2009 여름,7,23.12
20090715,2009 여름,7,22.82
20090716,2009 여름,7,26.49
20090717,2009 여름,7,25.06
20090718,2009 여름,7,25.31
20090719,2009 여름,7,24.4
20090720,2009 여름,7,25.45
20090721,2009 여름,7,25.51
20090722,2009 여름,7,25.16
20090723,2009 여름,7,25.33
20090724,2009 여름,7,25.01
20090725,2009 여름,7,22.51
20090726,2009 여름,7,24.39
20090727,2009 여름,7,24.82
20090728,2009 여름,7,24.62
20090729,2009 여름,7,25.44
20090730,2009 여름,7,26.53
20090731,2009 여름,7,28.33
20090801,2009 여름,8,25.56
20090802,2009 여름,8,25.74
20090803,2009 여름,8,25.12
20090804,2009 여름,8,28.24
20090805,2009 여름,8,28.22
20090806,2009 여름,8,27.76
20090807,2009 여름,8,25.59
20090808,2009 여름,8,26.48
20090809,2009 여름,8,31.18
20090810,2009 여름,8,29
20090811,2009 여름,8,24.14
20090812,2009 여름,8,23.3
20090813,2009 여름,8,26.2
20090814,2009 여름,8,29.33
20090815,2009 여름,8,29.49
20090816,2009 여름,8,30.56
20090817,2009 여름,8,27.96
20090818,2009 여름,8,29.75
20090819,2009 여름,8,30.57
20090820,2009 여름,8,26.43
20090821,2009 여름,8,25.01
20090822,2009 여름,8,25.23
20090823,2009 여름,8,25.83
20090824,2009 여름,8,25.68
20090825,2009 여름,8,24.53
20090826,2009 여름,8,23.95
20090827,2009 여름,8,24.16
20090828,2009 여름,8,24.39
20090829,2009 여름,8,22.09
20090830,2009 여름,8,20.55
20090831,2009 여름,8,22.39
20100601,2010 여름,6,18.98
20100602,2010 여름,6,20.78
20100603,2010 여름,6,21.18
20100604,2010 여름,6,22.2
20100605,2010 여름,6,23.23
20100606,2010 여름,6,24.85
20100607,2010 여름,6,25.58
20100608,2010 여름,6,25.68
20100609,2010 여름,6,26.08
20100610,2010 여름,6,26.98
20100611,2010 여름,6,25.72
20100612,2010 여름,6,18.06
20100613,2010 여름,6,21.68
20100614,2010 여름,6,22.76
20100615,2010 여름,6,24.54
20100616,2010 여름,6,22.33
20100617,2010 여름,6,23.8
20100618,2010 여름,6,26.14
20100619,2010 여름,6,23.12
20100620,2010 여름,6,23.05
20100621,2010 여름,6,22.1
20100622,2010 여름,6,21.81
20100623,2010 여름,6,22.86
20100624,2010 여름,6,24.25
20100625,2010 여름,6,26.54
20100626,2010 여름,6,25.16
20100627,2010 여름,6,21.82
20100628,2010 여름,6,24.44
20100629,2010 여름,6,23.92
20100630,2010 여름,6,22.92
20100701,2010 여름,7,25.89
20100702,2010 여름,7,25.07
20100703,2010 여름,7,24.07
20100704,2010 여름,7,26.44
20100705,2010 여름,7,26.16
20100706,2010 여름,7,25.85
20100707,2010 여름,7,25.51
20100708,2010 여름,7,24.76
20100709,2010 여름,7,24.69
20100710,2010 여름,7,25.39
20100711,2010 여름,7,23.99
20100712,2010 여름,7,24.97
20100713,2010 여름,7,26.04
20100714,2010 여름,7,24.88
20100715,2010 여름,7,25.91
20100716,2010 여름,7,23.8
20100717,2010 여름,7,23.03
20100718,2010 여름,7,25.82
20100719,2010 여름,7,26.63
20100720,2010 여름,7,30.45
20100721,2010 여름,7,30.45
20100722,2010 여름,7,29.48
20100723,2010 여름,7,24.57
20100724,2010 여름,7,25.57
20100725,2010 여름,7,26.08
20100726,2010 여름,7,25.42
20100727,2010 여름,7,28.9
20100728,2010 여름,7,28.73
20100729,2010 여름,7,29.08
20100730,2010 여름,7,29.11
20100731,2010 여름,7,29.39
20100801,2010 여름,8,30.64
20100802,2010 여름,8,30.28
20100803,2010 여름,8,28.83
20100804,2010 여름,8,30.73
20100805,2010 여름,8,34.15
20100806,2010 여름,8,32.42
20100807,2010 여름,8,26.19
20100808,2010 여름,8,29.58
20100809,2010 여름,8,30.57
20100810,2010 여름,8,29.16
20100811,2010 여름,8,31.52
20100812,2010 여름,8,24.13
20100813,2010 여름,8,25.5
20100814,2010 여름,8,29.66
20100815,2010 여름,8,29.19
20100816,2010 여름,8,25.08
20100817,2010 여름,8,26.17
20100818,2010 여름,8,26
20100819,2010 여름,8,31.84
20100820,2010 여름,8,32
20100821,2010 여름,8,31.5
20100822,2010 여름,8,31.97
20100823,2010 여름,8,29.52
20100824,2010 여름,8,23.88
20100825,2010 여름,8,21.63
20100826,2010 여름,8,23.84
20100827,2010 여름,8,25.8
20100828,2010 여름,8,25.41
20100829,2010 여름,8,23.82
20100830,2010 여름,8,25.85
20100831,2010 여름,8,24.93
20110601,2011 여름,6,17.73
20110602,2011 여름,6,19.02
20110603,2011 여름,6,18.88
20110604,2011 여름,6,18.74
20110605,2011 여름,6,20.36
20110606,2011 여름,6,20.8
20110607,2011 여름,6,20.89
20110608,2011 여름,6,21.97
20110609,2011 여름,6,19.48
20110610,2011 여름,6,21.19
20110611,2011 여름,6,24.01
20110612,2011 여름,6,23.3
20110613,2011 여름,6,21.13
20110614,2011 여름,6,22.56
20110615,2011 여름,6,24.99
20110616,2011 여름,6,26.13
20110617,2011 여름,6,25.28
20110618,2011 여름,6,24.52
20110619,2011 여름,6,26.4
20110620,2011 여름,6,27.34
20110621,2011 여름,6,24.09
20110622,2011 여름,6,22.72
20110623,2011 여름,6,21.99
20110624,2011 여름,6,19.98
20110625,2011 여름,6,18.37
20110626,2011 여름,6,18.88
20110627,2011 여름,6,19.39
20110628,2011 여름,6,23.61
20110629,2011 여름,6,21.1
20110630,2011 여름,6,23.71
20110701,2011 여름,7,25.1
20110702,2011 여름,7,24.64
20110703,2011 여름,7,22.92
20110704,2011 여름,7,22.43
20110705,2011 여름,7,24.18
20110706,2011 여름,7,25.34
20110707,2011 여름,7,23.19
20110708,2011 여름,7,22.29
20110709,2011 여름,7,23.53
20110710,2011 여름,7,24.43
20110711,2011 여름,7,21.23
20110712,2011 여름,7,22.62
20110713,2011 여름,7,24.22
20110714,2011 여름,7,23.59
20110715,2011 여름,7,23.61
20110716,2011 여름,7,22.66
20110717,2011 여름,7,25.05
20110718,2011 여름,7,30.94
20110719,2011 여름,7,29.63
20110720,2011 여름,7,28.14
20110721,2011 여름,7,27.43
20110722,2011 여름,7,24.26
20110723,2011 여름,7,25.5
20110724,2011 여름,7,24.89
20110725,2011 여름,7,24.88
20110726,2011 여름,7,25
20110727,2011 여름,7,23.72
20110728,2011 여름,7,24.51
20110729,2011 여름,7,26.1
20110730,2011 여름,7,29.43
20110731,2011 여름,7,24.95
20110801,2011 여름,8,25.45
20110802,2011 여름,8,26.2
20110803,2011 여름,8,25.45
20110804,2011 여름,8,25.36
20110805,2011 여름,8,31.7
20110806,2011 여름,8,31.26
20110807,2011 여름,8,31.27
20110808,2011 여름,8,24.82
20110809,2011 여름,8,25.97
20110810,2011 여름,8,25.66
20110811,2011 여름,8,26.61
20110812,2011 여름,8,25.4
20110813,2011 여름,8,25.19
20110814,2011 여름,8,24.95
20110815,2011 여름,8,24.49
20110816,2011 여름,8,24.98
20110817,2011 여름,8,23.85
20110818,2011 여름,8,24.98
20110819,2011 여름,8,24.51
20110820,2011 여름,8,23.36
20110821,2011 여름,8,24.18
20110822,2011 여름,8,23.85
20110823,2011 여름,8,24.03
20110824,2011 여름,8,24.73
20110825,2011 여름,8,25.62
20110826,2011 여름,8,26.49
20110827,2011 여름,8,28.74
20110828,2011 여름,8,29.18
20110829,2011 여름,8,28.85
20110830,2011 여름,8,29.05
20110831,2011 여름,8,29.5
20120601,2012 여름,6,21.18
20120602,2012 여름,6,22.97
20120603,2012 여름,6,23.4
20120604,2012 여름,6,23.59
20120605,2012 여름,6,22.67
20120606,2012 여름,6,23.1
20120607,2012 여름,6,23.05
20120608,2012 여름,6,22.4
20120609,2012 여름,6,23.85
20120610,2012 여름,6,23.83
20120611,2012 여름,6,23.33
20120612,2012 여름,6,22.88
20120613,2012 여름,6,22.88
20120614,2012 여름,6,24.75
20120615,2012 여름,6,23.76
20120616,2012 여름,6,23.78
20120617,2012 여름,6,23.56
20120618,2012 여름,6,24.69
20120619,2012 여름,6,26.11
20120620,2012 여름,6,25.56
20120621,2012 여름,6,25.68
20120622,2012 여름,6,24.36
20120623,2012 여름,6,26.09
20120624,2012 여름,6,28.1
20120625,2012 여름,6,26.67
20120626,2012 여름,6,24.65
20120627,2012 여름,6,24.57
20120628,2012 여름,6,25.26
20120629,2012 여름,6,26.25
20120630,2012 여름,6,22.06
20120701,2012 여름,7,21.4
20120702,2012 여름,7,23.98
20120703,2012 여름,7,22.75
20120704,2012 여름,7,24.22
20120705,2012 여름,7,22.88
20120706,2012 여름,7,20.96
20120707,2012 여름,7,24.45
20120708,2012 여름,7,25.79
20120709,2012 여름,7,26.09
20120710,2012 여름,7,26.35
20120711,2012 여름,7,23.39
20120712,2012 여름,7,24.36
20120713,2012 여름,7,26.11
20120714,2012 여름,7,23.25
20120715,2012 여름,7,19.78
20120716,2012 여름,7,21.65
20120717,2012 여름,7,25.14
20120718,2012 여름,7,26.09
20120719,2012 여름,7,23.99
20120720,2012 여름,7,25.35
20120721,2012 여름,7,29.34
20120722,2012 여름,7,29.41
20120723,2012 여름,7,30.42
20120724,2012 여름,7,30.83
20120725,2012 여름,7,30.28
20120726,2012 여름,7,30.07
20120727,2012 여름,7,30.21
20120728,2012 여름,7,31.13
20120729,2012 여름,7,32.54
20120730,2012 여름,7,31.34
20120731,2012 여름,7,32.32
20120801,2012 여름,8,33.75
20120802,2012 여름,8,32.68
20120803,2012 여름,8,33.49
20120804,2012 여름,8,33.83
20120805,2012 여름,8,34.16
20120806,2012 여름,8,34.41
20120807,2012 여름,8,31.87
20120808,2012 여름,8,30.55
20120809,2012 여름,8,32.64
20120810,2012 여름,8,29.7
20120811,2012 여름,8,29.25
20120812,2012 여름,8,25.75
20120813,2012 여름,8,26.48
20120814,2012 여름,8,28.01
20120815,2012 여름,8,23.96
20120816,2012 여름,8,25.74
20120817,2012 여름,8,29.88
20120818,2012 여름,8,30.31
20120819,2012 여름,8,31.26
20120820,2012 여름,8,25.48
20120821,2012 여름,8,25.41
20120822,2012 여름,8,22.28
20120823,2012 여름,8,22.75
20120824,2012 여름,8,23.3
20120825,2012 여름,8,24.72
20120826,2012 여름,8,29.8
20120827,2012 여름,8,30.21
20120828,2012 여름,8,28.08
20120829,2012 여름,8,25.49
20120830,2012 여름,8,21.68
20120831,2012 여름,8,23.55
20130601,2013 여름,6,21.95
20130602,2013 여름,6,23.25
20130603,2013 여름,6,21.77
20130604,2013 여름,6,22.49
20130605,2013 여름,6,24.61
20130606,2013 여름,6,25.03
20130607,2013 여름,6,25.59
20130608,2013 여름,6,26.15
20130609,2013 여름,6,27.07
20130610,2013 여름,6,26.94
20130611,2013 여름,6,24.18
20130612,2013 여름,6,20.56
20130613,2013 여름,6,22.82
20130614,2013 여름,6,24.64
20130615,2013 여름,6,24.72
20130616,2013 여름,6,22.58
20130617,2013 여름,6,22.33
20130618,2013 여름,6,21.66
20130619,2013 여름,6,24.27
20130620,2013 여름,6,25.54
20130621,2013 여름,6,26.5
20130622,2013 여름,6,25.26
20130623,2013 여름,6,23.14
20130624,2013 여름,6,23.33
20130625,2013 여름,6,24.87
20130626,2013 여름,6,24.62
20130627,2013 여름,6,25.03
20130628,2013 여름,6,25.41
20130629,2013 여름,6,27.85
20130630,2013 여름,6,29.01
20130701,2013 여름,7,28.25
20130702,2013 여름,7,24.74
20130703,2013 여름,7,24.91
20130704,2013 여름,7,25.13
20130705,2013 여름,7,25.45
20130706,2013 여름,7,25.22
20130707,2013 여름,7,24.82
20130708,2013 여름,7,24.45
20130709,2013 여름,7,24.45
20130710,2013 여름,7,25.28
20130711,2013 여름,7,24.62
20130712,2013 여름,7,23.66
20130713,2013 여름,7,23.99
20130714,2013 여름,7,24.22
20130715,2013 여름,7,26.3
20130716,2013 여름,7,28.77
20130717,2013 여름,7,24.29
20130718,2013 여름,7,24.9
20130719,2013 여름,7,28.71
20130720,2013 여름,7,28.92
20130721,2013 여름,7,28.98
20130722,2013 여름,7,26.35
20130723,2013 여름,7,25.65
20130724,2013 여름,7,25
20130725,2013 여름,7,25.9
20130726,2013 여름,7,26.53
20130727,2013 여름,7,26.08
20130728,2013 여름,7,25.32
20130729,2013 여름,7,26.59
20130730,2013 여름,7,26.19
20130731,2013 여름,7,26.32
20130801,2013 여름,8,29.86
20130802,2013 여름,8,30.39
20130803,2013 여름,8,32.98
20130804,2013 여름,8,32.3
20130805,2013 여름,8,31.17
20130806,2013 여름,8,26.57
20130807,2013 여름,8,32.11
20130808,2013 여름,8,33.98
20130809,2013 여름,8,34.85
20130810,2013 여름,8,32.98
20130811,2013 여름,8,31.99
20130812,2013 여름,8,33.52
20130813,2013 여름,8,32.21
20130814,2013 여름,8,31.45
20130815,2013 여름,8,32.2
20130816,2013 여름,8,32.5
20130817,2013 여름,8,32.19
20130818,2013 여름,8,32.04
20130819,2013 여름,8,31.11
20130820,2013 여름,8,28.89
20130821,2013 여름,8,29.57
20130822,2013 여름,8,31.15
20130823,2013 여름,8,26.07
20130824,2013 여름,8,26.49
20130825,2013 여름,8,27.61
20130826,2013 여름,8,27.66
20130827,2013 여름,8,25.71
20130828,2013 여름,8,26.23
20130829,2013 여름,8,25.55
20130830,2013 여름,8,25.25
20130831,2013 여름,8,23.87
20140601,2014 여름,6,24.76
20140602,2014 여름,6,22.7
20140603,2014 여름,6,18.96
20140604,2014 여름,6,22.75
20140605,2014 여름,6,22.82
20140606,2014 여름,6,24.4
20140607,2014 여름,6,23.44
20140608,2014 여름,6,21.51
20140609,2014 여름,6,22.65
20140610,2014 여름,6,23.63
20140611,2014 여름,6,20.52
20140612,2014 여름,6,21.08
20140613,2014 여름,6,21.21
20140614,2014 여름,6,22.41
20140615,2014 여름,6,23.16
20140616,2014 여름,6,23.78
20140617,2014 여름,6,24.78
20140618,2014 여름,6,24.36
20140619,2014 여름,6,22.6
20140620,2014 여름,6,24.05
20140621,2014 여름,6,23.31
20140622,2014 여름,6,23.6
20140623,2014 여름,6,20.9
20140624,2014 여름,6,22.78
20140625,2014 여름,6,23.72
20140626,2014 여름,6,24.32
20140627,2014 여름,6,24.16
20140628,2014 여름,6,23.84
20140629,2014 여름,6,24.14
20140630,2014 여름,6,25.27
20140701,2014 여름,7,25.95
20140702,2014 여름,7,25.79
20140703,2014 여름,7,22.55
20140704,2014 여름,7,26.6
20140705,2014 여름,7,25.88
20140706,2014 여름,7,25.68
20140707,2014 여름,7,28.13
20140708,2014 여름,7,25.9
20140709,2014 여름,7,31
20140710,2014 여름,7,30.62
20140711,2014 여름,7,28.39
20140712,2014 여름,7,25.43
20140713,2014 여름,7,25.33
20140714,2014 여름,7,26.28
20140715,2014 여름,7,28.54
20140716,2014 여름,7,26.63
20140717,2014 여름,7,25.93
20140718,2014 여름,7,26.08
20140719,2014 여름,7,29.85
20140720,2014 여름,7,31.2
20140721,2014 여름,7,29.98
20140722,2014 여름,7,25.92
20140723,2014 여름,7,23.96
20140724,2014 여름,7,21.7
20140725,2014 여름,7,30.45
20140726,2014 여름,7,23.16
20140727,2014 여름,7,24.95
20140728,2014 여름,7,26.44
20140729,2014 여름,7,26.56
20140730,2014 여름,7,31.69
20140731,2014 여름,7,33.15
20140801,2014 여름,8,33.66
20140802,2014 여름,8,34.26
20140803,2014 여름,8,26.65
20140804,2014 여름,8,26.47
20140805,2014 여름,8,29.67
20140806,2014 여름,8,24.68
20140807,2014 여름,8,24.61
20140808,2014 여름,8,26.11
20140809,2014 여름,8,26.44
20140810,2014 여름,8,23.87
20140811,2014 여름,8,23.32
20140812,2014 여름,8,25.77
20140813,2014 여름,8,24.32
20140814,2014 여름,8,22.34
20140815,2014 여름,8,24.68
20140816,2014 여름,8,26.07
20140817,2014 여름,8,24.2
20140818,2014 여름,8,22.37
20140819,2014 여름,8,22.17
20140820,2014 여름,8,24.64
20140821,2014 여름,8,23.29
20140822,2014 여름,8,24.56
20140823,2014 여름,8,25.25
20140824,2014 여름,8,25.36
20140825,2014 여름,8,25.84
20140826,2014 여름,8,25.7
20140827,2014 여름,8,24.51
20140828,2014 여름,8,25.03
20140829,2014 여름,8,25.11
20140830,2014 여름,8,24.51
20140831,2014 여름,8,24.07
20150601,2015 여름,6,21.76
20150602,2015 여름,6,23.04
20150603,2015 여름,6,23.09
20150604,2015 여름,6,24.19
20150605,2015 여름,6,19.53
20150606,2015 여름,6,22.21
20150607,2015 여름,6,23.46
20150608,2015 여름,6,22.43
20150609,2015 여름,6,22.23
20150610,2015 여름,6,25.03
20150611,2015 여름,6,24.72
20150612,2015 여름,6,23.68
20150613,2015 여름,6,24.53
20150614,2015 여름,6,23.05
20150615,2015 여름,6,24.17
20150616,2015 여름,6,24.98
20150617,2015 여름,6,23.82
20150618,2015 여름,6,24.51
20150619,2015 여름,6,24.63
20150620,2015 여름,6,20.07
20150621,2015 여름,6,22.06
20150622,2015 여름,6,23.86
20150623,2015 여름,6,24.59
20150624,2015 여름,6,25.68
20150625,2015 여름,6,24.95
20150626,2015 여름,6,21.07
20150627,2015 여름,6,25.05
20150628,2015 여름,6,25.53
20150629,2015 여름,6,25.56
20150630,2015 여름,6,24.47
20150701,2015 여름,7,23.77
20150702,2015 여름,7,23.88
20150703,2015 여름,7,23.3
20150704,2015 여름,7,23.98
20150705,2015 여름,7,24.34
20150706,2015 여름,7,25.34
20150707,2015 여름,7,25.43
20150708,2015 여름,7,23.57
20150709,2015 여름,7,26.36
20150710,2015 여름,7,31.09
20150711,2015 여름,7,33.76
20150712,2015 여름,7,25.08
20150713,2015 여름,7,23.26
20150714,2015 여름,7,25.98
20150715,2015 여름,7,29.43
20150716,2015 여름,7,24.99
20150717,2015 여름,7,23.51
20150718,2015 여름,7,24.24
20150719,2015 여름,7,24.93
20150720,2015 여름,7,29.47
20150721,2015 여름,7,30.12
20150722,2015 여름,7,31.13
20150723,2015 여름,7,29.68
20150724,2015 여름,7,24.69
20150725,2015 여름,7,24.98
20150726,2015 여름,7,25.93
20150727,2015 여름,7,26.13
20150728,2015 여름,7,30.36
20150729,2015 여름,7,26.62
20150730,2015 여름,7,32.83
20150731,2015 여름,7,31.32
20150801,2015 여름,8,31.13
20150802,2015 여름,8,29.39
20150803,2015 여름,8,30.6
20150804,2015 여름,8,29.94
20150805,2015 여름,8,31.26
20150806,2015 여름,8,32.17
20150807,2015 여름,8,32.35
20150808,2015 여름,8,29.3
20150809,2015 여름,8,28.71
20150810,2015 여름,8,29.08
20150811,2015 여름,8,28.78
20150812,2015 여름,8,28.83
20150813,2015 여름,8,28.2
20150814,2015 여름,8,28.26
20150815,2015 여름,8,29
20150816,2015 여름,8,25.98
20150817,2015 여름,8,26.11
20150818,2015 여름,8,28.94
20150819,2015 여름,8,28.48
20150820,2015 여름,8,25.68
20150821,2015 여름,8,25.26
20150822,2015 여름,8,25.66
20150823,2015 여름,8,26.18
20150824,2015 여름,8,26.43
20150825,2015 여름,8,22.16
20150826,2015 여름,8,21.8
20150827,2015 여름,8,24.84
20150828,2015 여름,8,23.43
20150829,2015 여름,8,24.21
20150830,2015 여름,8,25
20150831,2015 여름,8,25.81
20160601,2016 여름,6,23.16
20160602,2016 여름,6,23.28
20160603,2016 여름,6,22.23
20160604,2016 여름,6,21.25
20160605,2016 여름,6,24.3
20160606,2016 여름,6,23.52
20160607,2016 여름,6,21.89
20160608,2016 여름,6,22.08
20160609,2016 여름,6,23.86
20160610,2016 여름,6,24.73
20160611,2016 여름,6,23.43
20160612,2016 여름,6,23.68
20160613,2016 여름,6,23.47
20160614,2016 여름,6,23.8
20160615,2016 여름,6,20.94
20160616,2016 여름,6,21.03
20160617,2016 여름,6,23.48
20160618,2016 여름,6,24.55
20160619,2016 여름,6,24.02
20160620,2016 여름,6,24.65
20160621,2016 여름,6,26.06
20160622,2016 여름,6,24.61
20160623,2016 여름,6,24.33
20160624,2016 여름,6,23.28
20160625,2016 여름,6,22.77
20160626,2016 여름,6,24.36
20160627,2016 여름,6,24.35
20160628,2016 여름,6,24.73
20160629,2016 여름,6,25.29
20160630,2016 여름,6,24.53
20160701,2016 여름,7,24.07
20160702,2016 여름,7,23.58
20160703,2016 여름,7,23.53
20160704,2016 여름,7,21.89
20160705,2016 여름,7,22.95
20160706,2016 여름,7,22.87
20160707,2016 여름,7,23.83
20160708,2016 여름,7,28.64
20160709,2016 여름,7,29.55
20160710,2016 여름,7,29.59
20160711,2016 여름,7,31.04
20160712,2016 여름,7,26.36
20160713,2016 여름,7,26.32
20160714,2016 여름,7,29.46
20160715,2016 여름,7,26.59
20160716,2016 여름,7,20.93
20160717,2016 여름,7,21.72
20160718,2016 여름,7,24.22
20160719,2016 여름,7,28.26
20160720,2016 여름,7,30.54
20160721,2016 여름,7,30
20160722,2016 여름,7,31.82
20160723,2016 여름,7,32.31
20160724,2016 여름,7,31.67
20160725,2016 여름,7,32.45
20160726,2016 여름,7,31.29
20160727,2016 여름,7,30.71
20160728,2016 여름,7,31.07
20160729,2016 여름,7,26.03
20160730,2016 여름,7,32.49
20160731,2016 여름,7,32.99
20160801,2016 여름,8,31.85
20160802,2016 여름,8,29.8
20160803,2016 여름,8,31.46
20160804,2016 여름,8,34.05
20160805,2016 여름,8,35.02
20160806,2016 여름,8,35.33
20160807,2016 여름,8,32.98
20160808,2016 여름,8,34.58
20160809,2016 여름,8,32.92
20160810,2016 여름,8,33.04
20160811,2016 여름,8,34.45
20160812,2016 여름,8,35.41
20160813,2016 여름,8,34.9
20160814,2016 여름,8,33.87
20160815,2016 여름,8,32.3
20160816,2016 여름,8,31.98
20160817,2016 여름,8,32.53
20160818,2016 여름,8,32.74
20160819,2016 여름,8,32.98
20160820,2016 여름,8,32.66
20160821,2016 여름,8,33.66
20160822,2016 여름,8,33.96
20160823,2016 여름,8,31.16
20160824,2016 여름,8,31.12
20160825,2016 여름,8,29.37
20160826,2016 여름,8,23.32
20160827,2016 여름,8,23.19
20160828,2016 여름,8,21.22
20160829,2016 여름,8,21.98
20160830,2016 여름,8,20.8
20160831,2016 여름,8,17.7
20170601,2017 여름,6,23.38
20170602,2017 여름,6,20.6
20170603,2017 여름,6,20.57
20170604,2017 여름,6,21.63
20170605,2017 여름,6,23.89
20170606,2017 여름,6,20.05
20170607,2017 여름,6,17.53
20170608,2017 여름,6,19.9
20170609,2017 여름,6,20.96
20170610,2017 여름,6,21.6
20170611,2017 여름,6,22.58
20170612,2017 여름,6,22.25
20170613,2017 여름,6,21.47
20170614,2017 여름,6,21.8
20170615,2017 여름,6,22.94
20170616,2017 여름,6,25.35
20170617,2017 여름,6,24.29
20170618,2017 여름,6,24.27
20170619,2017 여름,6,24.69
20170620,2017 여름,6,25.78
20170621,2017 여름,6,25.63
20170622,2017 여름,6,25.2
20170623,2017 여름,6,27.36
20170624,2017 여름,6,24.74
20170625,2017 여름,6,23.66
20170626,2017 여름,6,23.12
20170627,2017 여름,6,24.98
20170628,2017 여름,6,25.87
20170629,2017 여름,6,26.2
20170630,2017 여름,6,25.87
20170701,2017 여름,7,25.17
20170702,2017 여름,7,24.71
20170703,2017 여름,7,24.43
20170704,2017 여름,7,28.69
20170705,2017 여름,7,29.07
20170706,2017 여름,7,30.23
20170707,2017 여름,7,26.33
20170708,2017 여름,7,25.97
20170709,2017 여름,7,26.43
20170710,2017 여름,7,24.12
20170711,2017 여름,7,25.75
20170712,2017 여름,7,29.82
20170713,2017 여름,7,29.67
20170714,2017 여름,7,31.63
20170715,2017 여름,7,25.18
20170716,2017 여름,7,25.99
20170717,2017 여름,7,29.33
20170718,2017 여름,7,26.42
20170719,2017 여름,7,31.34
20170720,2017 여름,7,33.79
20170721,2017 여름,7,34.99
20170722,2017 여름,7,34.81
20170723,2017 여름,7,31.14
20170724,2017 여름,7,26.3
20170725,2017 여름,7,32.53
20170726,2017 여름,7,29.84
20170727,2017 여름,7,28.43
20170728,2017 여름,7,25.45
20170729,2017 여름,7,29.37
20170730,2017 여름,7,29.71
20170731,2017 여름,7,25.92
20170801,2017 여름,8,31.66
20170802,2017 여름,8,35.42
20170803,2017 여름,8,33.53
20170804,2017 여름,8,33.24
20170805,2017 여름,8,36.52
20170806,2017 여름,8,35.26
20170807,2017 여름,8,32.88
20170808,2017 여름,8,30.48
20170809,2017 여름,8,29.83
20170810,2017 여름,8,24.84
20170811,2017 여름,8,28.92
20170812,2017 여름,8,28.98
20170813,2017 여름,8,26.4
20170814,2017 여름,8,24.63
20170815,2017 여름,8,22.13
20170816,2017 여름,8,23.13
20170817,2017 여름,8,24.49
20170818,2017 여름,8,26.3
20170819,2017 여름,8,25.99
20170820,2017 여름,8,23.31
20170821,2017 여름,8,25.69
20170822,2017 여름,8,29.21
20170823,2017 여름,8,30.01
20170824,2017 여름,8,29.55
20170825,2017 여름,8,25.49
20170826,2017 여름,8,24.18
20170827,2017 여름,8,22.6
20170828,2017 여름,8,21.92
20170829,2017 여름,8,19.63
20170830,2017 여름,8,19.54
20170831,2017 여름,8,22.04
20180601,2018 여름,6,23.71
20180602,2018 여름,6,23.51
20180603,2018 여름,6,23.71
20180604,2018 여름,6,22.88
20180605,2018 여름,6,23.57
20180606,2018 여름,6,23.09
20180607,2018 여름,6,22.3
20180608,2018 여름,6,21.74
20180609,2018 여름,6,23.68
20180610,2018 여름,6,21.3
20180611,2018 여름,6,20.56
20180612,2018 여름,6,21.18
20180613,2018 여름,6,21.98
20180614,2018 여름,6,21.65
20180615,2018 여름,6,21.86
20180616,2018 여름,6,22.3
20180617,2018 여름,6,22.73
20180618,2018 여름,6,24.8
20180619,2018 여름,6,22.59
20180620,2018 여름,6,22.7
20180621,2018 여름,6,23.64
20180622,2018 여름,6,24.69
20180623,2018 여름,6,24.57
20180624,2018 여름,6,25.15
20180625,2018 여름,6,27.64
20180626,2018 여름,6,22.9
20180627,2018 여름,6,22.19
20180628,2018 여름,6,23.39
20180629,2018 여름,6,24.66
20180630,2018 여름,6,24.35
20180701,2018 여름,7,22.03
20180702,2018 여름,7,22.44
20180703,2018 여름,7,29.56
20180704,2018 여름,7,29.59
20180705,2018 여름,7,25.39
20180706,2018 여름,7,24.06
20180707,2018 여름,7,23.76
20180708,2018 여름,7,23
20180709,2018 여름,7,21.02
20180710,2018 여름,7,23.34
20180711,2018 여름,7,26.62
20180712,2018 여름,7,29.36
20180713,2018 여름,7,29.69
20180714,2018 여름,7,30.52
20180715,2018 여름,7,31.18
20180716,2018 여름,7,31.22
20180717,2018 여름,7,30.23
20180718,2018 여름,7,30.46
20180719,2018 여름,7,30.9
20180720,2018 여름,7,32.34
20180721,2018 여름,7,32.85
20180722,2018 여름,7,33.76
20180723,2018 여름,7,34.33
20180724,2018 여름,7,35.38
20180725,2018 여름,7,34.56
20180726,2018 여름,7,34.77
20180727,2018 여름,7,36.81
20180728,2018 여름,7,36.14
20180729,2018 여름,7,33.79
20180730,2018 여름,7,33.65
20180731,2018 여름,7,35.25
20180801,2018 여름,8,39.08
20180802,2018 여름,8,38.99
20180803,2018 여름,8,38.68
20180804,2018 여름,8,35.02
20180805,2018 여름,8,35.4
20180806,2018 여름,8,37.36
20180807,2018 여름,8,34.41
20180808,2018 여름,8,36.18
20180809,2018 여름,8,33.85
20180810,2018 여름,8,34.36
20180811,2018 여름,8,33.84
20180812,2018 여름,8,34.11
20180813,2018 여름,8,35.55
20180814,2018 여름,8,35.58
20180815,2018 여름,8,35.98
20180816,2018 여름,8,31.82
20180817,2018 여름,8,26.92
20180818,2018 여름,8,26.55
20180819,2018 여름,8,28.35
20180820,2018 여름,8,30.35
20180821,2018 여름,8,28.49
20180822,2018 여름,8,32.59
20180823,2018 여름,8,31.78
20180824,2018 여름,8,24.63
20180825,2018 여름,8,25.22
20180826,2018 여름,8,23.31
20180827,2018 여름,8,22.43
20180828,2018 여름,8,23.82
20180829,2018 여름,8,25.01
20180830,2018 여름,8,25.45
20180831,2018 여름,8,25.56
